date,precip_mm,nitrate_flux_kgN_day
2016-01-01,0.0,81.0
2016-01-02,3.7,82.0
2016-01-03,1.83,71.9
2016-01-04,0.0,39.3
2016-01-05,0.0,43.3
2016-01-06,0.0,82.3
2016-01-07,0.44,12.0
2016-01-08,1.64,48.5
2016-01-09,0.0,33.2
2016-01-10,0.0,17.1
2016-01-11,0.11,68.2
2016-01-12,0.0,35.1
2016-01-13,2.28,82.6
2016-01-14,0.91,47.0
2016-01-15,0.0,0.0
2016-01-16,0.69,34.5
2016-01-17,0.0,139.8
2016-01-18,4.15,201.9
2016-01-19,3.48,227.1
2016-01-20,3.49,146.3
2016-01-21,2.95,123.1
2016-01-22,0.0,100.3
2016-01-23,1.72,78.7
2016-01-24,0.0,286.7
2016-01-25,10.48,385.6
2016-01-26,6.3,269.1
2016-01-27,1.52,197.4
2016-01-28,1.24,94.1
2016-01-29,0.0,48.0
2016-01-30,0.0,102.0
2016-01-31,6.49,106.6
2016-02-01,0.0,67.7
2016-02-02,2.58,79.1
2016-02-03,0.0,59.9
2016-02-04,0.0,134.3
2016-02-05,6.01,180.8
2016-02-06,3.27,181.5
2016-02-07,0.0,66.4
2016-02-08,0.31,66.6
2016-02-09,0.0,30.2
2016-02-10,0.0,36.6
2016-02-11,0.25,28.8
2016-02-12,0.0,81.2
2016-02-13,5.37,137.4
2016-02-14,0.0,201.1
2016-02-15,8.25,245.6
2016-02-16,2.96,176.2
2016-02-17,2.51,105.7
2016-02-18,0.0,15.8
2016-02-19,0.0,34.2
2016-02-20,0.89,92.2
2016-02-21,2.97,144.3
2016-02-22,0.21,40.0
2016-02-23,0.0,20.0
2016-02-24,0.98,4.6
2016-02-25,0.0,41.2
2016-02-26,0.0,66.5
2016-02-27,4.52,123.8
2016-02-28,4.68,133.1
2016-02-29,0.0,65.8
2016-03-01,0.0,65.1
2016-03-02,0.0,58.6
2016-03-03,5.38,99.8
2016-03-04,0.0,39.2
2016-03-05,0.0,46.5
2016-03-06,0.6,0.0
2016-03-07,0.0,0.0
2016-03-08,0.0,63.7
2016-03-09,0.0,0.0
2016-03-10,0.0,35.2
2016-03-11,0.0,0.0
2016-03-12,0.0,0.0
2016-03-13,0.0,11.8
2016-03-14,0.0,0.0
2016-03-15,1.59,72.4
2016-03-16,0.0,23.5
2016-03-17,0.0,0.0
2016-03-18,0.0,79.6
2016-03-19,3.07,33.7
2016-03-20,0.21,101.5
2016-03-21,5.13,144.1
2016-03-22,0.73,92.0
2016-03-23,0.0,72.7
2016-03-24,0.0,0.0
2016-03-25,0.0,12.2
2016-03-26,0.69,39.0
2016-03-27,0.0,0.0
2016-03-28,0.0,0.0
2016-03-29,0.0,24.4
2016-03-30,0.0,23.2
2016-03-31,0.96,4.0
2016-04-01,0.0,0.0
2016-04-02,0.0,30.9
2016-04-03,0.0,0.0
2016-04-04,2.16,73.9
2016-04-05,0.0,38.6
2016-04-06,0.0,90.6
2016-04-07,1.35,98.2
2016-04-08,5.93,114.7
2016-04-09,0.0,47.8
2016-04-10,0.0,7.1
2016-04-11,0.0,77.6
2016-04-12,2.88,168.4
2016-04-13,4.12,176.6
2016-04-14,2.25,72.5
2016-04-15,0.0,47.7
2016-04-16,0.51,13.8
2016-04-17,0.0,49.9
2016-04-18,0.59,0.0
2016-04-19,0.0,0.0
2016-04-20,0.0,2.6
2016-04-21,0.0,40.6
2016-04-22,0.0,126.2
2016-04-23,4.93,130.8
2016-04-24,0.0,183.6
2016-04-25,3.49,214.5
2016-04-26,6.49,208.4
2016-04-27,0.0,90.9
2016-04-28,0.17,155.0
2016-04-29,1.44,213.0
2016-04-30,9.36,205.7
2016-05-01,0.83,157.0
2016-05-02,0.0,42.8
2016-05-03,0.0,10.4
2016-05-04,0.0,0.0
2016-05-05,0.0,20.0
2016-05-06,0.01,24.8
2016-05-07,0.0,30.3
2016-05-08,0.0,10.3
2016-05-09,0.0,0.0
2016-05-10,0.0,5.4
2016-05-11,0.0,1.7
2016-05-12,0.18,0.0
2016-05-13,0.0,9.1
2016-05-14,0.0,0.0
2016-05-15,0.0,49.1
2016-05-16,0.0,0.0
2016-05-17,0.0,2.1
2016-05-18,1.84,24.6
2016-05-19,0.0,72.2
2016-05-20,2.13,31.7
2016-05-21,0.0,6.8
2016-05-22,0.0,31.1
2016-05-23,2.71,46.2
2016-05-24,0.87,31.3
2016-05-25,0.0,15.7
2016-05-26,0.0,24.8
2016-05-27,0.0,63.4
2016-05-28,3.29,161.9
2016-05-29,0.0,192.8
2016-05-30,9.87,342.4
2016-05-31,2.84,143.2
2016-06-01,0.0,99.3
2016-06-02,0.32,100.2
2016-06-03,0.0,125.4
2016-06-04,4.53,100.7
2016-06-05,1.13,139.7
2016-06-06,1.37,84.9
2016-06-07,0.0,16.8
2016-06-08,0.42,57.7
2016-06-09,1.07,26.6
2016-06-10,0.0,107.3
2016-06-11,3.62,129.6
2016-06-12,0.0,22.1
2016-06-13,0.0,48.4
2016-06-14,0.43,32.9
2016-06-15,1.38,99.3
2016-06-16,0.0,20.4
2016-06-17,0.0,49.0
2016-06-18,0.0,0.0
2016-06-19,0.0,31.8
2016-06-20,0.0,19.2
2016-06-21,0.0,85.8
2016-06-22,1.93,153.5
2016-06-23,6.96,145.5
2016-06-24,0.0,52.6
2016-06-25,0.36,7.5
2016-06-26,0.0,36.1
2016-06-27,1.13,56.7
2016-06-28,0.02,18.2
2016-06-29,0.0,0.0
2016-06-30,0.0,8.4
2016-07-01,1.16,0.0
2016-07-02,0.0,14.0
2016-07-03,0.0,0.0
2016-07-04,0.0,18.8
2016-07-05,0.0,13.1
2016-07-06,0.0,2.0
2016-07-07,0.0,22.1
2016-07-08,0.0,73.1
2016-07-09,5.5,79.0
2016-07-10,0.0,11.1
2016-07-11,0.0,20.0
2016-07-12,0.0,46.8
2016-07-13,1.36,103.9
2016-07-14,2.72,134.8
2016-07-15,1.49,151.9
2016-07-16,1.83,86.7
2016-07-17,3.55,108.5
2016-07-18,0.0,125.3
2016-07-19,0.0,229.6
2016-07-20,10.65,233.6
2016-07-21,0.0,85.8
2016-07-22,0.0,73.5
2016-07-23,0.0,3.9
2016-07-24,0.94,26.0
2016-07-25,0.0,108.3
2016-07-26,2.97,109.7
2016-07-27,0.87,90.1
2016-07-28,3.73,98.1
2016-07-29,2.29,91.2
2016-07-30,0.16,68.0
2016-07-31,0.0,18.9
2016-08-01,0.55,29.5
2016-08-02,0.0,23.1
2016-08-03,0.17,21.4
2016-08-04,0.0,0.0
2016-08-05,1.05,27.0
2016-08-06,0.0,47.6
2016-08-07,0.0,88.7
2016-08-08,4.49,71.5
2016-08-09,1.03,51.6
2016-08-10,0.0,79.1
2016-08-11,0.28,60.1
2016-08-12,2.76,89.1
2016-08-13,3.02,85.7
2016-08-14,0.0,78.6
2016-08-15,0.0,18.8
2016-08-16,1.31,3.8
2016-08-17,0.07,39.6
2016-08-18,1.18,211.5
2016-08-19,7.98,225.0
2016-08-20,4.95,210.3
2016-08-21,0.0,91.9
2016-08-22,0.0,108.4
2016-08-23,0.0,200.0
2016-08-24,9.71,258.8
2016-08-25,0.0,77.3
2016-08-26,0.96,107.5
2016-08-27,0.0,51.0
2016-08-28,0.97,35.0
2016-08-29,0.0,0.0
2016-08-30,0.0,5.4
2016-08-31,0.0,0.0
2016-09-01,0.0,5.6
2016-09-02,0.0,26.9
2016-09-03,0.42,0.0
2016-09-04,0.0,46.7
2016-09-05,1.5,77.7
2016-09-06,0.77,0.0
2016-09-07,0.5,34.4
2016-09-08,0.0,18.0
2016-09-09,0.0,5.2
2016-09-10,0.0,17.8
2016-09-11,2.22,11.0
2016-09-12,0.0,67.2
2016-09-13,0.76,37.7
2016-09-14,0.0,0.0
2016-09-15,0.0,37.3
2016-09-16,0.0,0.0
2016-09-17,0.0,41.2
2016-09-18,0.0,70.7
2016-09-19,4.05,103.9
2016-09-20,0.0,73.1
2016-09-21,0.0,31.0
2016-09-22,0.0,23.4
2016-09-23,0.15,64.3
2016-09-24,0.42,0.0
2016-09-25,0.0,0.0
2016-09-26,0.0,3.0
2016-09-27,0.0,14.6
2016-09-28,0.0,89.6
2016-09-29,0.0,41.4
2016-09-30,5.25,211.5
2016-10-01,3.52,141.7
2016-10-02,0.0,51.7
2016-10-03,0.0,67.3
2016-10-04,3.01,40.2
2016-10-05,0.0,19.7
2016-10-06,0.0,42.9
2016-10-07,1.74,0.0
2016-10-08,0.0,12.3
2016-10-09,0.0,48.0
2016-10-10,3.23,118.2
2016-10-11,0.0,76.5
2016-10-12,1.04,142.3
2016-10-13,6.74,132.8
2016-10-14,0.0,59.1
2016-10-15,1.05,54.1
2016-10-16,0.0,40.8
2016-10-17,0.0,88.0
2016-10-18,4.05,129.3
2016-10-19,0.04,139.1
2016-10-20,5.51,148.9
2016-10-21,0.0,81.6
2016-10-22,0.0,89.1
2016-10-23,0.0,0.0
2016-10-24,0.57,13.5
2016-10-25,0.0,3.4
2016-10-26,0.0,0.3
2016-10-27,0.77,35.7
2016-10-28,0.0,72.4
2016-10-29,0.71,0.0
2016-10-30,0.0,73.1
2016-10-31,1.36,72.2
2016-11-01,0.1,6.1
2016-11-02,0.0,17.1
2016-11-03,1.13,69.4
2016-11-04,0.0,72.0
2016-11-05,1.8,61.5
2016-11-06,0.0,115.0
2016-11-07,5.47,123.6
2016-11-08,0.09,50.7
2016-11-09,0.0,93.7
2016-11-10,2.21,67.0
2016-11-11,0.0,95.0
2016-11-12,2.67,114.4
2016-11-13,0.0,33.2
2016-11-14,0.0,17.0
2016-11-15,0.0,0.0
2016-11-16,0.0,0.0
2016-11-17,0.0,134.1
2016-11-18,6.4,147.5
2016-11-19,0.11,71.6
2016-11-20,0.51,137.4
2016-11-21,2.7,97.7
2016-11-22,0.0,80.6
2016-11-23,4.09,99.1
2016-11-24,0.0,0.0
2016-11-25,0.0,26.3
2016-11-26,0.14,0.0
2016-11-27,0.0,0.0
2016-11-28,0.93,43.0
2016-11-29,0.0,10.4
2016-11-30,0.0,140.8
2016-12-01,0.0,274.3
2016-12-02,13.01,273.0
2016-12-03,0.88,142.0
2016-12-04,0.0,157.3
2016-12-05,2.84,90.0
2016-12-06,0.0,25.6
2016-12-07,0.0,30.7
2016-12-08,0.0,2.9
2016-12-09,0.0,19.6
2016-12-10,0.34,32.0
2016-12-11,0.0,47.2
2016-12-12,1.92,0.0
2016-12-13,0.0,25.6
2016-12-14,0.44,8.2
2016-12-15,0.0,18.1
2016-12-16,1.43,36.1
2016-12-17,0.0,40.0
2016-12-18,0.0,0.0
2016-12-19,0.0,0.0
2016-12-20,0.0,0.0
2016-12-21,0.0,0.0
2016-12-22,0.0,6.7
2016-12-23,0.83,11.9
2016-12-24,0.0,19.3
2016-12-25,0.82,47.8
2016-12-26,0.0,40.4
2016-12-27,0.0,18.4
2016-12-28,1.82,12.7
2016-12-29,0.0,0.0
2016-12-30,0.0,6.0
2016-12-31,0.0,0.0
2017-01-01,0.0,0.0
2017-01-02,0.0,24.0
2017-01-03,0.0,10.0
2017-01-04,0.0,12.9
2017-01-05,2.49,57.7
2017-01-06,0.06,80.6
2017-01-07,0.24,33.3
2017-01-08,0.0,0.0
2017-01-09,0.0,45.4
2017-01-10,0.75,0.0
2017-01-11,0.0,0.0
2017-01-12,0.0,14.2
2017-01-13,0.0,27.7
2017-01-14,0.0,28.2
2017-01-15,1.13,0.0
2017-01-16,0.0,48.7
2017-01-17,0.0,3.6
2017-01-18,0.0,27.8
2017-01-19,0.11,0.0
2017-01-20,0.0,2.2
2017-01-21,0.0,0.0
2017-01-22,0.0,0.0
2017-01-23,1.9,43.0
2017-01-24,0.0,30.4
2017-01-25,0.0,93.1
2017-01-26,2.75,11.8
2017-01-27,0.0,128.1
2017-01-28,2.77,145.0
2017-01-29,1.04,137.2
2017-01-30,3.02,52.4
2017-01-31,0.0,37.2
2017-02-01,0.0,20.9
2017-02-02,1.1,71.7
2017-02-03,1.07,0.0
2017-02-04,0.0,10.8
2017-02-05,0.0,34.1
2017-02-06,0.0,12.6
2017-02-07,0.0,32.5
2017-02-08,0.0,12.7
2017-02-09,0.0,87.6
2017-02-10,0.86,29.3
2017-02-11,0.66,0.0
2017-02-12,0.0,57.9
2017-02-13,0.0,82.7
2017-02-14,5.29,103.7
2017-02-15,0.0,40.7
2017-02-16,0.0,4.2
2017-02-17,0.0,0.0
2017-02-18,0.0,0.0
2017-02-19,0.0,0.0
2017-02-20,0.0,15.4
2017-02-21,1.58,58.0
2017-02-22,0.02,0.0
2017-02-23,0.23,46.1
2017-02-24,0.0,0.0
2017-02-25,0.0,0.0
2017-02-26,0.07,13.9
2017-02-27,0.0,22.3
2017-02-28,0.0,74.7
2017-03-01,3.83,91.7
2017-03-02,0.84,0.0
2017-03-03,0.53,24.6
2017-03-04,0.55,32.8
2017-03-05,0.48,34.1
2017-03-06,0.16,0.0
2017-03-07,0.0,41.4
2017-03-08,0.0,100.9
2017-03-09,6.19,143.2
2017-03-10,0.0,64.0
2017-03-11,1.91,68.2
2017-03-12,0.0,63.5
2017-03-13,0.35,54.2
2017-03-14,0.84,23.5
2017-03-15,0.0,28.7
2017-03-16,0.0,153.5
2017-03-17,4.49,273.7
2017-03-18,10.39,336.6
2017-03-19,0.86,273.3
2017-03-20,8.27,287.3
2017-03-21,0.0,85.6
2017-03-22,0.0,168.3
2017-03-23,5.09,144.3
2017-03-24,2.05,122.3
2017-03-25,0.0,95.1
2017-03-26,4.55,133.4
2017-03-27,1.77,140.4
2017-03-28,1.46,51.8
2017-03-29,0.0,43.0
2017-03-30,0.0,34.1
2017-03-31,0.77,9.5
2017-04-01,2.75,134.2
2017-04-02,1.86,66.6
2017-04-03,1.57,80.4
2017-04-04,0.0,0.0
2017-04-05,0.0,3.0
2017-04-06,0.28,7.6
2017-04-07,0.0,0.1
2017-04-08,0.0,0.0
2017-04-09,0.0,7.2
2017-04-10,0.0,44.7
2017-04-11,1.92,129.0
2017-04-12,3.54,148.9
2017-04-13,2.66,186.4
2017-04-14,3.52,108.3
2017-04-15,0.62,57.8
2017-04-16,0.0,15.9
2017-04-17,0.0,19.5
2017-04-18,0.75,0.0
2017-04-19,0.68,15.6
2017-04-20,0.72,81.0
2017-04-21,3.61,93.6
2017-04-22,0.0,87.1
2017-04-23,5.0,189.0
2017-04-24,0.0,184.0
2017-04-25,5.9,211.3
2017-04-26,3.28,151.0
2017-04-27,0.0,72.8
2017-04-28,0.0,0.0
2017-04-29,0.0,23.4
2017-04-30,0.13,69.1
2017-05-01,1.75,57.7
2017-05-02,1.54,92.8
2017-05-03,0.0,0.6
2017-05-04,0.0,44.5
2017-05-05,0.0,16.3
2017-05-06,0.0,0.0
2017-05-07,0.0,34.4
2017-05-08,0.0,32.4
2017-05-09,0.0,7.0
2017-05-10,0.0,0.0
2017-05-11,1.6,37.1
2017-05-12,0.32,18.0
2017-05-13,0.0,62.7
2017-05-14,1.56,25.8
2017-05-15,0.0,58.7
2017-05-16,0.0,97.4
2017-05-17,6.3,137.5
2017-05-18,0.0,76.4
2017-05-19,0.0,143.8
2017-05-20,4.46,114.4
2017-05-21,1.27,86.6
2017-05-22,1.0,31.3
2017-05-23,0.0,45.2
2017-05-24,0.0,33.5
2017-05-25,0.0,143.1
2017-05-26,7.74,163.8
2017-05-27,0.23,21.4
2017-05-28,0.0,67.2
2017-05-29,1.73,77.7
2017-05-30,1.29,105.5
2017-05-31,0.74,81.9
2017-06-01,0.0,84.3
2017-06-02,0.0,280.4
2017-06-03,12.34,425.9
2017-06-04,7.71,293.8
2017-06-05,0.0,176.2
2017-06-06,0.0,106.6
2017-06-07,2.12,46.5
2017-06-08,0.16,19.8
2017-06-09,0.0,90.4
2017-06-10,0.0,220.1
2017-06-11,11.67,296.1
2017-06-12,2.78,205.7
2017-06-13,0.0,181.4
2017-06-14,5.21,174.5
2017-06-15,2.07,201.0
2017-06-16,2.48,120.4
2017-06-17,0.0,38.3
2017-06-18,0.0,64.1
2017-06-19,1.33,8.4
2017-06-20,0.0,52.4
2017-06-21,0.0,97.0
2017-06-22,3.49,71.1
2017-06-23,0.0,0.0
2017-06-24,0.0,28.9
2017-06-25,0.0,16.1
2017-06-26,0.0,10.9
2017-06-27,0.0,14.4
2017-06-28,0.0,80.8
2017-06-29,4.08,68.4
2017-06-30,0.0,8.0
2017-07-01,0.0,31.8
2017-07-02,0.0,0.0
2017-07-03,0.0,0.0
2017-07-04,0.0,0.0
2017-07-05,0.0,0.0
2017-07-06,0.0,11.9
2017-07-07,0.0,4.3
2017-07-08,0.0,2.3
2017-07-09,0.0,24.3
2017-07-10,0.41,105.3
2017-07-11,4.36,118.8
2017-07-12,0.0,57.5
2017-07-13,1.16,41.0
2017-07-14,0.0,32.6
2017-07-15,0.07,37.9
2017-07-16,0.96,56.4
2017-07-17,0.58,38.8
2017-07-18,0.0,51.9
2017-07-19,0.02,196.6
2017-07-20,11.99,292.6
2017-07-21,0.62,168.3
2017-07-22,0.14,110.3
2017-07-23,1.86,52.0
2017-07-24,1.66,16.3
2017-07-25,0.93,24.6
2017-07-26,0.0,50.8
2017-07-27,0.89,49.9
2017-07-28,0.0,69.7
2017-07-29,2.02,123.9
2017-07-30,4.27,86.2
2017-07-31,0.0,68.7
2017-08-01,0.0,35.5
2017-08-02,0.0,0.0
2017-08-03,0.0,0.0
2017-08-04,0.0,0.0
2017-08-05,1.65,30.7
2017-08-06,0.0,10.7
2017-08-07,0.0,35.6
2017-08-08,1.27,32.3
2017-08-09,0.0,92.8
2017-08-10,4.77,139.4
2017-08-11,3.1,93.7
2017-08-12,0.0,95.4
2017-08-13,1.27,36.9
2017-08-14,0.0,29.0
2017-08-15,0.53,54.9
2017-08-16,2.31,24.5
2017-08-17,0.37,34.3
2017-08-18,0.07,10.0
2017-08-19,0.0,65.0
2017-08-20,0.0,173.5
2017-08-21,8.05,162.5
2017-08-22,1.56,64.1
2017-08-23,0.0,102.1
2017-08-24,0.0,68.4
2017-08-25,2.76,28.5
2017-08-26,0.0,26.0
2017-08-27,0.49,39.0
2017-08-28,0.0,104.9
2017-08-29,4.14,108.1
2017-08-30,0.0,44.8
2017-08-31,0.0,5.5
2017-09-01,1.25,0.0
2017-09-02,0.0,17.6
2017-09-03,0.0,0.0
2017-09-04,0.0,33.9
2017-09-05,0.65,0.0
2017-09-06,0.0,53.3
2017-09-07,1.87,62.0
2017-09-08,0.0,0.0
2017-09-09,0.0,65.6
2017-09-10,1.47,21.1
2017-09-11,0.75,49.0
2017-09-12,1.06,103.7
2017-09-13,2.67,102.9
2017-09-14,1.93,73.3
2017-09-15,0.0,1.4
2017-09-16,0.0,19.8
2017-09-17,0.0,40.5
2017-09-18,0.0,48.6
2017-09-19,0.9,43.0
2017-09-20,0.0,83.2
2017-09-21,3.26,66.0
2017-09-22,0.0,13.8
2017-09-23,0.0,0.0
2017-09-24,0.0,0.0
2017-09-25,0.0,0.0
2017-09-26,0.0,0.0
2017-09-27,0.82,31.8
2017-09-28,0.0,27.8
2017-09-29,0.0,0.0
2017-09-30,0.0,24.5
2017-10-01,0.0,0.0
2017-10-02,0.81,80.2
2017-10-03,0.0,259.6
2017-10-04,13.81,308.0
2017-10-05,0.0,127.3
2017-10-06,0.0,36.1
2017-10-07,0.0,44.1
2017-10-08,0.0,0.9
2017-10-09,0.0,0.0
2017-10-10,0.0,15.7
2017-10-11,0.0,9.6
2017-10-12,0.0,30.5
2017-10-13,1.31,18.1
2017-10-14,0.0,55.2
2017-10-15,0.0,131.7
2017-10-16,5.49,88.1
2017-10-17,0.0,82.2
2017-10-18,0.0,81.8
2017-10-19,0.0,0.0
2017-10-20,0.39,24.1
2017-10-21,0.0,16.9
2017-10-22,1.0,62.7
2017-10-23,1.83,112.9
2017-10-24,3.46,124.9
2017-10-25,0.0,67.4
2017-10-26,2.6,89.2
2017-10-27,0.0,109.2
2017-10-28,3.67,94.9
2017-10-29,0.0,48.6
2017-10-30,0.0,32.9
2017-10-31,0.0,7.8
2017-11-01,0.02,0.0
2017-11-02,0.0,0.0
2017-11-03,0.03,0.0
2017-11-04,0.0,0.0
2017-11-05,0.0,10.2
2017-11-06,0.0,9.5
2017-11-07,0.16,0.0
2017-11-08,0.0,0.0
2017-11-09,0.0,15.5
2017-11-10,0.0,35.9
2017-11-11,0.36,26.6
2017-11-12,0.0,73.9
2017-11-13,6.2,122.6
2017-11-14,0.0,62.4
2017-11-15,0.0,65.0
2017-11-16,1.31,42.6
2017-11-17,0.0,61.6
2017-11-18,2.47,53.0
2017-11-19,0.0,23.9
2017-11-20,0.0,134.5
2017-11-21,0.0,245.8
2017-11-22,12.59,311.7
2017-11-23,2.95,189.9
2017-11-24,1.45,158.3
2017-11-25,0.96,74.0
2017-11-26,0.0,37.5
2017-11-27,0.0,65.8
2017-11-28,0.0,33.2
2017-11-29,0.0,1.2
2017-11-30,0.0,3.8
2017-12-01,0.0,19.2
2017-12-02,0.0,0.0
2017-12-03,0.0,61.8
2017-12-04,1.39,95.9
2017-12-05,2.26,95.5
2017-12-06,2.36,119.5
2017-12-07,0.0,17.2
2017-12-08,0.0,137.4
2017-12-09,0.0,273.2
2017-12-10,15.49,321.1
2017-12-11,0.0,176.2
2017-12-12,1.36,164.8
2017-12-13,0.59,70.8
2017-12-14,2.14,49.3
2017-12-15,0.34,20.9
2017-12-16,0.41,84.2
2017-12-17,0.0,54.3
2017-12-18,2.18,64.8
2017-12-19,0.0,0.0
2017-12-20,0.0,0.0
2017-12-21,0.0,0.0
2017-12-22,0.0,0.0
2017-12-23,0.0,41.5
2017-12-24,0.0,0.7
2017-12-25,0.0,8.8
2017-12-26,0.0,54.8
2017-12-27,2.5,106.2
2017-12-28,3.05,122.2
2017-12-29,0.0,64.4
2017-12-30,0.0,44.2
2017-12-31,2.22,20.5
2018-01-01,0.0,35.8
2018-01-02,0.0,22.5
2018-01-03,0.0,55.6
2018-01-04,2.18,36.7
2018-01-05,0.88,28.9
2018-01-06,0.0,0.0
2018-01-07,0.0,57.4
2018-01-08,0.0,0.0
2018-01-09,0.0,23.1
2018-01-10,0.0,0.0
2018-01-11,0.46,47.6
2018-01-12,0.0,0.0
2018-01-13,0.0,4.5
2018-01-14,0.0,23.8
2018-01-15,0.3,30.9
2018-01-16,0.0,40.9
2018-01-17,1.24,72.6
2018-01-18,0.0,77.5
2018-01-19,3.65,152.6
2018-01-20,0.0,26.8
2018-01-21,0.0,59.0
2018-01-22,1.16,54.6
2018-01-23,0.0,11.3
2018-01-24,0.0,5.3
2018-01-25,0.0,2.7
2018-01-26,0.0,16.9
2018-01-27,0.0,16.9
2018-01-28,0.0,73.1
2018-01-29,3.42,81.7
2018-01-30,3.17,89.2
2018-01-31,0.0,96.0
2018-02-01,1.74,61.1
2018-02-02,0.0,28.5
2018-02-03,0.0,44.9
2018-02-04,0.61,25.7
2018-02-05,0.0,0.0
2018-02-06,0.0,40.0
2018-02-07,0.0,0.0
2018-02-08,0.0,13.0
2018-02-09,0.0,28.9
2018-02-10,0.83,43.2
2018-02-11,0.0,36.8
2018-02-12,0.35,14.3
2018-02-13,0.0,0.0
2018-02-14,0.23,0.0
2018-02-15,0.0,20.3
2018-02-16,0.93,23.4
2018-02-17,0.29,32.5
2018-02-18,0.56,0.0
2018-02-19,0.0,44.0
2018-02-20,1.29,64.2
2018-02-21,1.38,23.9
2018-02-22,0.0,0.0
2018-02-23,0.0,12.2
2018-02-24,0.0,17.4
2018-02-25,0.31,84.8
2018-02-26,4.91,128.6
2018-02-27,0.0,55.3
2018-02-28,0.0,218.3
2018-03-01,8.95,237.0
2018-03-02,1.98,174.7
2018-03-03,0.0,163.3
2018-03-04,4.32,225.4
2018-03-05,6.47,145.6
2018-03-06,0.0,96.8
2018-03-07,0.0,34.0
2018-03-08,0.0,0.0
2018-03-09,0.85,35.4
2018-03-10,0.26,26.8
2018-03-11,0.35,0.0
2018-03-12,0.0,40.0
2018-03-13,0.0,106.1
2018-03-14,4.33,106.3
2018-03-15,0.0,91.2
2018-03-16,0.0,0.0
2018-03-17,0.0,15.4
2018-03-18,0.0,107.9
2018-03-19,4.1,111.2
2018-03-20,0.0,70.2
2018-03-21,0.0,117.4
2018-03-22,5.49,132.7
2018-03-23,2.52,86.7
2018-03-24,0.0,58.8
2018-03-25,0.0,0.6
2018-03-26,0.17,28.4
2018-03-27,0.03,0.0
2018-03-28,0.0,16.4
2018-03-29,0.0,35.4
2018-03-30,0.43,34.0
2018-03-31,0.13,147.9
2018-04-01,8.29,194.2
2018-04-02,0.0,75.7
2018-04-03,0.55,92.8
2018-04-04,1.34,3.6
2018-04-05,0.0,13.6
2018-04-06,0.0,0.0
2018-04-07,0.0,0.0
2018-04-08,0.0,13.5
2018-04-09,0.0,31.8
2018-04-10,0.0,15.9
2018-04-11,0.31,0.0
2018-04-12,0.0,38.7
2018-04-13,0.0,34.3
2018-04-14,0.33,0.0
2018-04-15,0.0,0.0
2018-04-16,0.0,0.0
2018-04-17,0.0,85.0
2018-04-18,3.03,61.8
2018-04-19,0.0,44.6
2018-04-20,2.05,77.8
2018-04-21,0.0,46.2
2018-04-22,1.67,45.6
2018-04-23,0.0,0.0
2018-04-24,0.0,30.3
2018-04-25,0.0,0.0
2018-04-26,0.0,35.2
2018-04-27,0.0,18.0
2018-04-28,0.0,4.2
2018-04-29,0.74,0.0
2018-04-30,0.0,2.9
2018-05-01,0.0,6.8
2018-05-02,0.0,0.0
2018-05-03,0.33,110.6
2018-05-04,2.45,76.2
2018-05-05,1.08,65.5
2018-05-06,0.0,15.6
2018-05-07,0.0,0.0
2018-05-08,0.0,5.5
2018-05-09,0.0,41.0
2018-05-10,1.1,25.7
2018-05-11,0.0,7.0
2018-05-12,0.06,11.0
2018-05-13,0.0,0.0
2018-05-14,0.0,20.9
2018-05-15,0.0,0.0
2018-05-16,0.0,44.6
2018-05-17,0.0,73.6
2018-05-18,3.71,76.5
2018-05-19,0.0,110.5
2018-05-20,0.0,213.9
2018-05-21,10.17,192.6
2018-05-22,0.0,86.8
2018-05-23,0.0,64.8
2018-05-24,0.0,0.0
2018-05-25,0.0,12.0
2018-05-26,1.42,0.4
2018-05-27,0.0,8.3
2018-05-28,0.0,10.9
2018-05-29,0.0,2.4
2018-05-30,0.0,19.1
2018-05-31,0.12,0.0
2018-06-01,0.0,0.0
2018-06-02,0.0,29.0
2018-06-03,0.0,0.0
2018-06-04,0.0,9.5
2018-06-05,0.13,36.5
2018-06-06,2.16,59.2
2018-06-07,0.0,44.6
2018-06-08,0.56,47.6
2018-06-09,0.0,0.0
2018-06-10,0.0,42.3
2018-06-11,0.0,18.4
2018-06-12,0.27,15.0
2018-06-13,0.0,2.0
2018-06-14,0.21,2.1
2018-06-15,0.0,27.6
2018-06-16,0.84,0.0
2018-06-17,0.0,0.0
2018-06-18,0.0,54.3
2018-06-19,0.0,53.5
2018-06-20,3.77,116.7
2018-06-21,0.0,104.3
2018-06-22,2.02,61.4
2018-06-23,0.0,15.1
2018-06-24,0.0,98.0
2018-06-25,3.66,159.6
2018-06-26,4.21,156.1
2018-06-27,0.0,39.6
2018-06-28,0.0,0.0
2018-06-29,0.0,0.0
2018-06-30,0.0,0.0
2018-07-01,0.26,40.0
2018-07-02,0.0,8.8
2018-07-03,0.0,10.8
2018-07-04,0.35,72.0
2018-07-05,0.0,134.5
2018-07-06,6.13,148.9
2018-07-07,0.0,56.0
2018-07-08,0.32,49.0
2018-07-09,1.26,3.3
2018-07-10,0.0,0.0
2018-07-11,0.0,0.0
2018-07-12,0.0,0.0
2018-07-13,0.34,81.2
2018-07-14,0.87,19.6
2018-07-15,0.99,82.0
2018-07-16,0.0,144.0
2018-07-17,4.12,123.3
2018-07-18,0.0,62.8
2018-07-19,0.0,88.6
2018-07-20,4.23,92.9
2018-07-21,0.41,9.8
2018-07-22,0.0,30.8
2018-07-23,0.0,22.1
2018-07-24,1.4,39.4
2018-07-25,0.0,38.2
2018-07-26,1.85,120.0
2018-07-27,2.73,88.2
2018-07-28,0.0,23.0
2018-07-29,0.01,36.3
2018-07-30,0.0,39.5
2018-07-31,2.89,89.0
2018-08-01,0.31,41.0
2018-08-02,0.0,15.2
2018-08-03,0.0,30.1
2018-08-04,0.56,105.4
2018-08-05,3.44,101.5
2018-08-06,0.0,90.2
2018-08-07,0.0,13.0
2018-08-08,0.15,0.0
2018-08-09,0.83,0.0
2018-08-10,0.0,46.4
2018-08-11,0.0,0.8
2018-08-12,0.72,3.6
2018-08-13,0.0,0.0
2018-08-14,0.0,30.2
2018-08-15,0.99,17.3
2018-08-16,0.0,4.1
2018-08-17,1.0,0.0
2018-08-18,0.0,0.0
2018-08-19,0.0,31.4
2018-08-20,0.0,0.0
2018-08-21,0.0,14.6
2018-08-22,0.0,41.3
2018-08-23,0.38,41.8
2018-08-24,0.0,20.1
2018-08-25,0.0,20.1
2018-08-26,0.0,14.1
2018-08-27,0.0,0.0
2018-08-28,1.05,38.8
2018-08-29,0.85,76.6
2018-08-30,0.0,56.1
2018-08-31,0.0,35.2
2018-09-01,2.44,67.5
2018-09-02,0.0,8.3
2018-09-03,0.0,46.7
2018-09-04,0.0,123.9
2018-09-05,4.7,141.3
2018-09-06,1.14,131.5
2018-09-07,2.81,80.3
2018-09-08,0.0,32.3
2018-09-09,0.0,19.0
2018-09-10,0.0,134.3
2018-09-11,6.42,152.2
2018-09-12,0.0,89.6
2018-09-13,0.0,52.7
2018-09-14,0.0,18.2
2018-09-15,1.98,2.6
2018-09-16,0.15,43.3
2018-09-17,0.0,137.5
2018-09-18,4.78,130.9
2018-09-19,0.0,52.2
2018-09-20,0.0,3.2
2018-09-21,0.0,21.2
2018-09-22,0.0,0.0
2018-09-23,1.06,47.8
2018-09-24,0.0,93.1
2018-09-25,3.45,208.1
2018-09-26,6.42,182.2
2018-09-27,2.58,126.7
2018-09-28,0.0,46.8
2018-09-29,0.0,42.4
2018-09-30,0.0,30.4
2018-10-01,0.0,33.5
2018-10-02,0.65,45.2
2018-10-03,0.0,33.2
2018-10-04,1.04,49.8
2018-10-05,0.0,24.5
2018-10-06,0.0,0.0
2018-10-07,0.0,11.2
2018-10-08,0.0,7.7
2018-10-09,0.0,0.0
2018-10-10,0.0,43.0
2018-10-11,1.07,23.2
2018-10-12,1.27,36.7
2018-10-13,0.0,0.0
2018-10-14,0.0,0.0
2018-10-15,0.0,0.0
2018-10-16,0.0,2.7
2018-10-17,0.0,0.0
2018-10-18,0.0,32.6
2018-10-19,0.0,16.8
2018-10-20,0.23,12.1
2018-10-21,0.0,21.9
2018-10-22,0.87,31.3
2018-10-23,0.0,43.9
2018-10-24,1.09,12.7
2018-10-25,0.9,50.3
2018-10-26,0.71,26.9
2018-10-27,0.0,155.3
2018-10-28,8.12,158.4
2018-10-29,0.0,103.8
2018-10-30,2.38,148.2
2018-10-31,0.0,36.9
2018-11-01,0.0,61.8
2018-11-02,2.21,65.1
2018-11-03,0.0,40.7
2018-11-04,0.0,61.9
2018-11-05,0.0,12.6
2018-11-06,0.0,0.0
2018-11-07,0.0,6.2
2018-11-08,0.0,0.0
2018-11-09,0.0,4.9
2018-11-10,0.0,83.4
2018-11-11,5.31,102.5
2018-11-12,0.0,25.3
2018-11-13,0.0,82.9
2018-11-14,0.0,142.5
2018-11-15,6.33,152.3
2018-11-16,0.0,47.2
2018-11-17,0.46,97.1
2018-11-18,0.0,15.8
2018-11-19,0.0,13.0
2018-11-20,1.27,19.2
2018-11-21,0.0,6.6
2018-11-22,0.0,14.9
2018-11-23,0.01,30.4
2018-11-24,1.49,0.0
2018-11-25,0.0,0.0
2018-11-26,0.0,3.0
2018-11-27,0.0,0.0
2018-11-28,0.0,29.7
2018-11-29,0.0,41.0
2018-11-30,0.0,8.4
2018-12-01,0.0,0.0
2018-12-02,0.0,0.0
2018-12-03,0.2,25.8
2018-12-04,0.95,66.1
2018-12-05,3.85,136.5
2018-12-06,0.0,35.5
2018-12-07,0.0,28.7
2018-12-08,0.0,19.3
2018-12-09,0.0,0.0
2018-12-10,0.0,0.0
2018-12-11,0.0,3.8
2018-12-12,0.0,0.0
2018-12-13,0.03,49.1
2018-12-14,0.0,28.1
2018-12-15,2.14,89.6
2018-12-16,0.0,8.7
2018-12-17,0.0,5.8
2018-12-18,0.0,0.0
2018-12-19,0.0,6.5
2018-12-20,0.0,4.9
2018-12-21,0.59,0.0
2018-12-22,0.0,0.0
2018-12-23,0.0,70.4
2018-12-24,0.69,0.0
2018-12-25,0.0,52.4
2018-12-26,0.0,101.1
2018-12-27,3.26,30.0
2018-12-28,0.0,44.0
2018-12-29,0.0,148.4
2018-12-30,2.8,230.6
2018-12-31,9.06,235.6
2019-01-01,0.0,105.1
2019-01-02,2.03,95.1
2019-01-03,0.0,40.7
2019-01-04,0.0,7.2
2019-01-05,0.54,38.1
2019-01-06,0.0,35.9
2019-01-07,0.0,0.0
2019-01-08,0.0,0.0
2019-01-09,0.0,0.0
2019-01-10,0.0,0.0
2019-01-11,0.0,37.5
2019-01-12,0.0,74.2
2019-01-13,3.34,115.1
2019-01-14,0.0,135.6
2019-01-15,4.56,28.8
2019-01-16,0.0,29.9
2019-01-17,0.0,50.1
2019-01-18,0.0,0.0
2019-01-19,0.0,3.9
2019-01-20,0.0,42.3
2019-01-21,0.0,33.7
2019-01-22,1.21,0.0
2019-01-23,0.0,0.0
2019-01-24,0.0,15.7
2019-01-25,0.67,42.6
2019-01-26,0.0,23.9
2019-01-27,0.57,13.2
2019-01-28,0.56,26.1
2019-01-29,0.0,134.3
2019-01-30,6.37,138.8
2019-01-31,0.0,108.1
2019-02-01,0.0,91.3
2019-02-02,3.75,88.5
2019-02-03,0.0,22.6
2019-02-04,1.25,34.3
2019-02-05,0.0,1.2
2019-02-06,0.31,39.5
2019-02-07,0.0,41.9
2019-02-08,0.0,0.0
2019-02-09,0.0,9.5
2019-02-10,0.5,65.7
2019-02-11,0.0,130.4
2019-02-12,5.71,268.0
2019-02-13,8.33,227.4
2019-02-14,0.84,156.9
2019-02-15,0.0,34.1
2019-02-16,0.0,0.0
2019-02-17,0.0,11.1
2019-02-18,0.0,0.0
2019-02-19,0.0,20.1
2019-02-20,0.0,0.0
2019-02-21,1.0,20.6
2019-02-22,0.0,37.2
2019-02-23,1.02,53.1
2019-02-24,2.32,156.7
2019-02-25,0.54,308.4
2019-02-26,14.56,315.9
2019-02-27,0.25,152.8
2019-02-28,0.0,81.4
2019-03-01,0.0,31.8
2019-03-02,0.0,14.8
2019-03-03,1.41,61.0
2019-03-04,0.0,83.2
2019-03-05,3.47,100.5
2019-03-06,0.0,130.9
2019-03-07,3.9,69.3
2019-03-08,0.0,39.4
2019-03-09,0.0,46.3
2019-03-10,0.0,53.5
2019-03-11,0.33,26.8
2019-03-12,0.0,59.0
2019-03-13,2.52,68.1
2019-03-14,0.0,51.0
2019-03-15,0.96,16.7
2019-03-16,0.81,51.2
2019-03-17,0.0,21.3
2019-03-18,0.76,52.7
2019-03-19,0.0,34.3
2019-03-20,0.0,20.6
2019-03-21,1.1,62.4
2019-03-22,0.52,128.6
2019-03-23,2.47,101.7
2019-03-24,2.47,67.1
2019-03-25,0.0,88.1
2019-03-26,2.13,86.9
2019-03-27,0.0,0.0
2019-03-28,0.0,14.9
2019-03-29,0.0,0.0
2019-03-30,0.43,69.8
2019-03-31,0.11,65.6
2019-04-01,1.79,40.9
2019-04-02,0.79,39.1
2019-04-03,0.0,45.1
2019-04-04,1.72,54.1
2019-04-05,0.0,90.3
2019-04-06,3.01,147.8
2019-04-07,1.55,60.1
2019-04-08,0.0,22.2
2019-04-09,1.15,51.2
2019-04-10,0.0,20.4
2019-04-11,0.0,44.2
2019-04-12,0.7,0.0
2019-04-13,0.0,30.1
2019-04-14,0.12,111.7
2019-04-15,5.37,200.5
2019-04-16,5.33,146.8
2019-04-17,0.0,87.6
2019-04-18,0.0,97.5
2019-04-19,1.5,38.2
2019-04-20,0.0,72.6
2019-04-21,0.95,126.9
2019-04-22,5.31,159.4
2019-04-23,3.36,128.2
2019-04-24,0.0,50.5
2019-04-25,0.0,20.6
2019-04-26,0.0,23.9
2019-04-27,1.34,45.7
2019-04-28,2.51,37.9
2019-04-29,0.0,27.9
2019-04-30,0.0,12.2
2019-05-01,0.0,0.0
2019-05-02,0.0,0.0
2019-05-03,0.0,16.8
2019-05-04,0.0,2.5
2019-05-05,0.0,9.1
2019-05-06,0.0,17.4
2019-05-07,1.05,49.0
2019-05-08,0.0,22.7
2019-05-09,0.26,46.5
2019-05-10,0.16,45.0
2019-05-11,0.0,50.9
2019-05-12,0.0,0.0
2019-05-13,0.0,0.0
2019-05-14,0.0,0.0
2019-05-15,0.0,29.8
2019-05-16,0.0,12.2
2019-05-17,0.0,20.3
2019-05-18,0.0,8.1
2019-05-19,0.79,34.7
2019-05-20,0.55,220.1
2019-05-21,7.84,174.2
2019-05-22,0.0,139.4
2019-05-23,3.23,85.1
2019-05-24,0.0,46.0
2019-05-25,0.0,31.3
2019-05-26,0.0,19.1
2019-05-27,0.0,0.0
2019-05-28,0.0,0.0
2019-05-29,0.0,0.0
2019-05-30,0.0,0.0
2019-05-31,0.0,63.4
2019-06-01,0.0,81.1
2019-06-02,6.01,156.6
2019-06-03,0.0,66.8
2019-06-04,0.0,3.1
2019-06-05,0.0,0.0
2019-06-06,0.0,0.0
2019-06-07,0.0,35.4
2019-06-08,0.0,156.5
2019-06-09,5.68,94.1
2019-06-10,0.0,31.0
2019-06-11,0.0,36.0
2019-06-12,0.0,26.0
2019-06-13,0.0,106.8
2019-06-14,6.75,174.6
2019-06-15,2.56,178.5
2019-06-16,1.86,282.5
2019-06-17,4.6,196.6
2019-06-18,2.26,96.9
2019-06-19,0.0,67.9
2019-06-20,0.09,0.0
2019-06-21,0.0,23.9
2019-06-22,0.0,24.0
2019-06-23,0.83,81.1
2019-06-24,1.88,25.6
2019-06-25,0.0,103.3
2019-06-26,0.0,232.8
2019-06-27,11.08,232.5
2019-06-28,0.0,132.8
2019-06-29,0.0,79.9
2019-06-30,0.0,0.0
2019-07-01,0.0,0.0
2019-07-02,0.0,13.3
2019-07-03,0.0,37.6
2019-07-04,0.0,0.0
2019-07-05,0.0,2.8
2019-07-06,0.0,0.0
2019-07-07,0.0,0.0
2019-07-08,0.0,3.7
2019-07-09,0.0,0.0
2019-07-10,0.0,57.5
2019-07-11,0.58,0.0
2019-07-12,0.0,21.3
2019-07-13,0.0,0.0
2019-07-14,0.0,0.0
2019-07-15,0.0,111.1
2019-07-16,5.84,155.6
2019-07-17,0.92,138.2
2019-07-18,2.65,144.3
2019-07-19,1.69,84.3
2019-07-20,0.0,47.8
2019-07-21,0.0,18.6
2019-07-22,0.0,0.0
2019-07-23,0.0,0.0
2019-07-24,0.0,2.7
2019-07-25,0.0,0.0
2019-07-26,0.0,0.0
2019-07-27,0.0,22.2
2019-07-28,2.01,35.3
2019-07-29,1.64,65.2
2019-07-30,0.0,72.3
2019-07-31,0.24,0.0
2019-08-01,0.0,0.0
2019-08-02,0.0,4.1
2019-08-03,0.0,18.4
2019-08-04,0.18,97.9
2019-08-05,4.32,111.1
2019-08-06,0.0,19.4
2019-08-07,0.0,59.3
2019-08-08,0.0,7.7
2019-08-09,0.0,0.0
2019-08-10,0.0,0.0
2019-08-11,0.35,0.0
2019-08-12,0.0,17.8
2019-08-13,0.0,0.0
2019-08-14,0.66,13.6
2019-08-15,0.0,0.0
2019-08-16,0.34,40.2
2019-08-17,1.05,9.3
2019-08-18,0.0,36.8
2019-08-19,0.0,0.0
2019-08-20,0.0,0.0
2019-08-21,0.0,66.6
2019-08-22,1.25,69.5
2019-08-23,1.49,76.6
2019-08-24,0.0,45.8
2019-08-25,0.0,117.7
2019-08-26,6.34,139.8
2019-08-27,0.0,93.4
2019-08-28,0.0,106.6
2019-08-29,3.27,89.6
2019-08-30,0.0,31.8
2019-08-31,0.0,38.8
2019-09-01,0.0,32.7
2019-09-02,0.0,72.1
2019-09-03,0.0,160.6
2019-09-04,4.8,363.0
2019-09-05,15.88,367.0
2019-09-06,0.0,152.9
2019-09-07,0.0,88.5
2019-09-08,0.0,12.2
2019-09-09,0.0,38.6
2019-09-10,0.0,633.3
2019-09-11,4.81,2136.6
2019-09-12,94.13,3291.9
2019-09-13,60.0,2572.4
2019-09-14,25.0,1656.2
2019-09-15,1.11,574.4
2019-09-16,0.0,173.8
2019-09-17,0.0,0.0
2019-09-18,0.0,27.2
2019-09-19,0.0,0.0
2019-09-20,0.0,1.9
2019-09-21,0.0,14.1
2019-09-22,0.0,53.4
2019-09-23,0.0,80.3
2019-09-24,3.18,81.6
2019-09-25,0.0,33.6
2019-09-26,0.0,69.7
2019-09-27,1.71,15.7
2019-09-28,0.0,0.0
2019-09-29,0.0,27.3
2019-09-30,0.0,0.0
2019-10-01,0.0,23.8
2019-10-02,0.0,0.0
2019-10-03,0.0,0.0
2019-10-04,0.0,0.0
2019-10-05,0.87,45.7
2019-10-06,0.0,47.5
2019-10-07,0.09,105.8
2019-10-08,6.53,187.8
2019-10-09,0.17,212.4
2019-10-10,9.01,226.8
2019-10-11,0.0,91.5
2019-10-12,0.0,136.1
2019-10-13,1.44,59.4
2019-10-14,0.0,0.0
2019-10-15,0.34,6.3
2019-10-16,0.0,65.4
2019-10-17,0.0,30.0
2019-10-18,0.0,178.3
2019-10-19,8.82,157.4
2019-10-20,0.8,147.4
2019-10-21,0.0,120.6
2019-10-22,2.59,98.2
2019-10-23,0.18,139.4
2019-10-24,4.88,198.7
2019-10-25,4.85,150.3
2019-10-26,0.0,190.7
2019-10-27,4.61,123.5
2019-10-28,0.0,58.2
2019-10-29,0.83,42.0
2019-10-30,0.0,7.0
2019-10-31,0.0,25.6
2019-11-01,0.0,1.0
2019-11-02,0.0,0.0
2019-11-03,0.0,0.0
2019-11-04,0.0,0.0
2019-11-05,0.0,10.4
2019-11-06,0.0,22.2
2019-11-07,0.0,4.6
2019-11-08,0.11,0.0
2019-11-09,0.0,0.0
2019-11-10,0.37,14.0
2019-11-11,0.0,72.2
2019-11-12,0.66,214.1
2019-11-13,9.85,265.1
2019-11-14,0.0,174.6
2019-11-15,0.21,71.6
2019-11-16,2.35,47.5
2019-11-17,0.0,0.0
2019-11-18,0.0,38.1
2019-11-19,0.0,35.5
2019-11-20,1.79,50.1
2019-11-21,0.16,7.5
2019-11-22,0.0,24.9
2019-11-23,0.0,13.5
2019-11-24,1.07,30.6
2019-11-25,1.47,18.0
2019-11-26,0.0,32.5
2019-11-27,0.34,16.3
2019-11-28,0.49,75.5
2019-11-29,1.88,35.7
2019-11-30,0.0,13.1
2019-12-01,0.0,35.3
2019-12-02,0.13,14.0
2019-12-03,0.46,13.3
2019-12-04,0.0,0.0
2019-12-05,0.0,45.6
2019-12-06,0.0,34.6
2019-12-07,2.8,87.1
2019-12-08,0.0,33.9
2019-12-09,0.0,34.3
2019-12-10,0.0,1.2
2019-12-11,0.0,23.0
2019-12-12,0.0,0.0
2019-12-13,0.0,19.3
2019-12-14,0.0,135.9
2019-12-15,5.31,137.6
2019-12-16,0.8,53.2
2019-12-17,0.0,614.1
2019-12-18,2.62,2028.6
2019-12-19,90.0,3155.4
2019-12-20,60.0,2526.2
2019-12-21,25.0,1655.0
2019-12-22,0.91,589.3
2019-12-23,0.0,153.7
2019-12-24,0.0,0.9
2019-12-25,0.04,0.0
2019-12-26,0.0,7.3
2019-12-27,0.0,0.0
2019-12-28,0.0,35.4
2019-12-29,0.55,0.0
2019-12-30,0.0,7.1
2019-12-31,0.42,58.5
2020-01-01,0.0,22.6
2020-01-02,0.0,25.7
2020-01-03,1.09,9.9
2020-01-04,0.0,0.0
2020-01-05,0.13,34.7
2020-01-06,0.0,0.0
2020-01-07,0.0,22.3
2020-01-08,0.0,2.4
2020-01-09,0.0,1.7
2020-01-10,0.17,3.5
2020-01-11,0.0,75.2
2020-01-12,0.0,147.8
2020-01-13,6.95,146.2
2020-01-14,0.0,81.2
2020-01-15,0.0,122.5
2020-01-16,0.34,283.5
2020-01-17,14.97,297.1
2020-01-18,0.0,94.1
2020-01-19,0.0,89.6
2020-01-20,0.0,0.3
2020-01-21,0.0,40.1
2020-01-22,2.49,57.1
2020-01-23,0.0,0.0
2020-01-24,0.0,12.1
2020-01-25,0.0,41.1
2020-01-26,0.0,239.2
2020-01-27,9.59,193.8
2020-01-28,0.0,138.9
2020-01-29,0.0,99.0
2020-01-30,1.89,77.1
2020-01-31,0.22,50.3
2020-02-01,1.27,19.3
2020-02-02,0.0,3.7
2020-02-03,0.0,31.3
2020-02-04,0.0,0.0
2020-02-05,0.0,0.0
2020-02-06,0.0,0.0
2020-02-07,0.0,41.6
2020-02-08,0.0,0.0
2020-02-09,0.0,0.0
2020-02-10,0.0,0.0
2020-02-11,0.24,0.0
2020-02-12,0.0,25.0
2020-02-13,0.0,11.3
2020-02-14,1.18,58.6
2020-02-15,0.0,22.3
2020-02-16,0.0,26.7
2020-02-17,0.0,0.0
2020-02-18,0.0,8.0
2020-02-19,0.0,0.0
2020-02-20,0.0,0.0
2020-02-21,0.0,0.0
2020-02-22,0.0,8.6
2020-02-23,0.0,20.1
2020-02-24,0.0,59.7
2020-02-25,0.24,13.3
2020-02-26,0.0,29.3
2020-02-27,0.0,37.7
2020-02-28,3.24,58.8
2020-02-29,0.0,23.0
2020-03-01,0.31,41.7
2020-03-02,0.0,45.7
2020-03-03,0.0,170.7
2020-03-04,8.04,128.7
2020-03-05,0.0,104.7
2020-03-06,0.0,83.8
2020-03-07,1.36,0.3
2020-03-08,0.0,6.9
2020-03-09,0.0,0.0
2020-03-10,0.0,62.0
2020-03-11,2.51,65.2
2020-03-12,0.0,116.0
2020-03-13,3.58,179.7
2020-03-14,3.49,115.7
2020-03-15,0.0,63.4
2020-03-16,0.0,89.3
2020-03-17,5.93,108.4
2020-03-18,0.0,106.1
2020-03-19,0.0,250.6
2020-03-20,11.26,338.7
2020-03-21,4.31,133.2
2020-03-22,0.0,98.9
2020-03-23,0.0,44.4
2020-03-24,0.78,9.4
2020-03-25,0.0,0.0
2020-03-26,0.0,0.0
2020-03-27,0.0,31.5
2020-03-28,0.0,0.0
2020-03-29,0.0,15.8
2020-03-30,0.0,0.0
2020-03-31,0.0,0.0
2020-04-01,0.64,0.0
2020-04-02,0.0,12.1
2020-04-03,0.0,107.0
2020-04-04,4.66,114.5
2020-04-05,0.02,16.5
2020-04-06,0.49,45.0
2020-04-07,1.15,8.3
2020-04-08,0.35,51.2
2020-04-09,0.0,11.2
2020-04-10,0.0,53.4
2020-04-11,0.0,60.5
2020-04-12,3.6,141.9
2020-04-13,0.0,148.8
2020-04-14,6.18,182.5
2020-04-15,0.0,73.5
2020-04-16,0.0,85.9
2020-04-17,0.0,6.5
2020-04-18,0.0,0.0
2020-04-19,0.0,0.0
2020-04-20,0.0,47.2
2020-04-21,0.05,129.8
2020-04-22,1.32,37.1
2020-04-23,2.54,45.1
2020-04-24,0.0,50.4
2020-04-25,0.0,51.7
2020-04-26,0.0,14.6
2020-04-27,2.84,64.1
2020-04-28,1.35,32.8
2020-04-29,0.0,14.7
2020-04-30,0.0,1.0
2020-05-01,0.0,32.2
2020-05-02,0.0,146.0
2020-05-03,3.6,142.1
2020-05-04,3.56,174.3
2020-05-05,2.36,155.7
2020-05-06,3.02,111.0
2020-05-07,0.0,31.4
2020-05-08,0.0,69.3
2020-05-09,1.85,1.1
2020-05-10,0.0,11.9
2020-05-11,0.0,3.4
2020-05-12,0.0,0.0
2020-05-13,0.0,0.0
2020-05-14,0.28,30.1
2020-05-15,0.72,85.6
2020-05-16,0.0,57.4
2020-05-17,2.45,69.2
2020-05-18,0.0,0.9
2020-05-19,0.0,77.0
2020-05-20,0.0,61.0
2020-05-21,2.4,22.0
2020-05-22,0.0,60.7
2020-05-23,0.0,126.4
2020-05-24,7.37,267.3
2020-05-25,0.0,255.5
2020-05-26,10.17,289.1
2020-05-27,1.6,66.6
2020-05-28,0.0,59.5
2020-05-29,0.0,32.0
2020-05-30,0.0,61.8
2020-05-31,3.75,128.8
2020-06-01,0.0,55.7
2020-06-02,0.0,53.8
2020-06-03,0.0,0.0
2020-06-04,0.0,80.1
2020-06-05,1.34,30.8
2020-06-06,1.33,45.2
2020-06-07,0.0,41.7
2020-06-08,0.0,5.7
2020-06-09,0.48,0.0
2020-06-10,0.0,0.0
2020-06-11,0.0,17.7
2020-06-12,0.52,16.1
2020-06-13,0.08,4.9
2020-06-14,0.0,85.3
2020-06-15,0.0,104.8
2020-06-16,7.82,249.3
2020-06-17,0.8,329.5
2020-06-18,11.23,332.5
2020-06-19,1.93,177.2
2020-06-20,0.0,60.7
2020-06-21,0.0,40.9
2020-06-22,0.0,67.6
2020-06-23,0.0,81.6
2020-06-24,6.05,138.6
2020-06-25,1.49,124.3
2020-06-26,0.0,91.3
2020-06-27,1.66,115.1
2020-06-28,2.31,93.8
2020-06-29,0.0,89.9
2020-06-30,0.0,63.3
2020-07-01,3.01,68.0
2020-07-02,0.0,28.0
2020-07-03,0.14,67.8
2020-07-04,0.0,135.8
2020-07-05,3.54,73.1
2020-07-06,1.54,28.0
2020-07-07,0.0,34.4
2020-07-08,0.0,41.4
2020-07-09,0.0,252.7
2020-07-10,9.67,314.4
2020-07-11,7.03,303.2
2020-07-12,3.47,221.5
2020-07-13,0.0,148.8
2020-07-14,3.18,189.1
2020-07-15,0.97,215.2
2020-07-16,9.42,266.3
2020-07-17,0.0,91.5
2020-07-18,0.0,59.9
2020-07-19,0.18,0.0
2020-07-20,0.0,40.7
2020-07-21,0.0,83.5
2020-07-22,4.11,72.3
2020-07-23,0.0,73.6
2020-07-24,0.0,48.9
2020-07-25,0.0,4.2
2020-07-26,0.0,0.0
2020-07-27,0.0,48.6
2020-07-28,1.04,35.5
2020-07-29,0.0,21.8
2020-07-30,0.0,101.9
2020-07-31,4.52,79.9
2020-08-01,0.0,102.7
2020-08-02,2.31,79.9
2020-08-03,0.39,42.0
2020-08-04,0.0,38.2
2020-08-05,2.41,87.9
2020-08-06,0.0,129.7
2020-08-07,4.76,134.5
2020-08-08,0.0,105.1
2020-08-09,0.0,20.4
2020-08-10,0.0,54.8
2020-08-11,0.0,0.0
2020-08-12,0.2,2.0
2020-08-13,0.04,0.0
2020-08-14,0.0,0.0
2020-08-15,0.0,57.4
2020-08-16,2.73,139.8
2020-08-17,2.53,104.5
2020-08-18,0.0,18.2
2020-08-19,0.0,70.4
2020-08-20,0.0,0.7
2020-08-21,0.0,62.8
2020-08-22,0.0,0.0
2020-08-23,0.0,25.4
2020-08-24,0.44,8.4
2020-08-25,0.0,1.0
2020-08-26,0.0,11.6
2020-08-27,0.0,24.8
2020-08-28,0.0,0.0
2020-08-29,0.0,78.9
2020-08-30,3.49,72.2
2020-08-31,0.22,134.7
2020-09-01,3.55,106.7
2020-09-02,0.0,40.3
2020-09-03,1.72,78.7
2020-09-04,0.0,67.4
2020-09-05,2.85,77.7
2020-09-06,0.61,4.8
2020-09-07,0.0,50.7
2020-09-08,0.0,3.1
2020-09-09,0.0,66.8
2020-09-10,4.86,99.0
2020-09-11,0.0,79.0
2020-09-12,0.0,111.8
2020-09-13,4.19,699.3
2020-09-14,0.0,2036.7
2020-09-15,90.0,3141.8
2020-09-16,60.0,2542.0
2020-09-17,27.04,1605.7
2020-09-18,0.37,571.4
2020-09-19,0.0,144.3
2020-09-20,0.0,0.0
2020-09-21,0.0,130.6
2020-09-22,6.44,143.5
2020-09-23,0.0,33.4
2020-09-24,0.0,27.2
2020-09-25,0.0,0.0
2020-09-26,0.75,0.0
2020-09-27,0.0,11.0
2020-09-28,0.0,0.0
2020-09-29,0.0,0.0
2020-09-30,0.0,7.0
2020-10-01,0.0,0.0
2020-10-02,0.0,40.3
2020-10-03,0.0,0.0
2020-10-04,0.0,0.0
2020-10-05,0.0,3.9
2020-10-06,1.02,20.9
2020-10-07,0.0,57.0
2020-10-08,0.41,22.8
2020-10-09,0.36,0.0
2020-10-10,0.0,31.6
2020-10-11,0.0,0.0
2020-10-12,0.49,2.0
2020-10-13,0.0,12.4
2020-10-14,0.26,57.1
2020-10-15,0.5,147.6
2020-10-16,6.85,124.3
2020-10-17,0.0,84.4
2020-10-18,0.0,58.2
2020-10-19,0.0,11.7
2020-10-20,0.91,0.9
2020-10-21,0.0,21.9
2020-10-22,0.0,0.0
2020-10-23,0.0,0.0
2020-10-24,0.0,40.5
2020-10-25,3.31,63.1
2020-10-26,0.0,22.1
2020-10-27,0.29,18.7
2020-10-28,0.0,14.7
2020-10-29,0.0,19.3
2020-10-30,0.89,15.4
2020-10-31,0.0,3.7
2020-11-01,0.16,0.0
2020-11-02,0.0,38.9
2020-11-03,0.0,65.8
2020-11-04,3.3,63.3
2020-11-05,0.0,64.4
2020-11-06,0.0,302.5
2020-11-07,8.7,510.7
2020-11-08,19.22,464.6
2020-11-09,0.0,172.4
2020-11-10,0.0,83.8
2020-11-11,0.0,3.0
2020-11-12,0.0,0.0
2020-11-13,0.0,15.7
2020-11-14,0.0,4.0
2020-11-15,0.73,48.9
2020-11-16,0.0,87.9
2020-11-17,5.83,181.7
2020-11-18,0.0,84.3
2020-11-19,4.25,105.4
2020-11-20,0.0,73.8
2020-11-21,0.0,140.1
2020-11-22,5.26,144.8
2020-11-23,0.4,66.9
2020-11-24,0.0,60.6
2020-11-25,0.0,0.0
2020-11-26,0.46,3.0
2020-11-27,0.0,0.6
2020-11-28,0.0,16.7
2020-11-29,0.31,14.9
2020-11-30,0.0,6.2
2020-12-01,0.0,1.3
2020-12-02,0.0,12.4
2020-12-03,0.0,105.4
2020-12-04,4.61,109.9
2020-12-05,1.18,44.8
2020-12-06,0.0,75.4
2020-12-07,1.21,89.7
2020-12-08,3.88,79.8
2020-12-09,0.0,75.7
2020-12-10,0.95,61.5
2020-12-11,0.0,8.8
2020-12-12,0.0,0.0
2020-12-13,0.0,5.9
2020-12-14,0.56,24.1
2020-12-15,3.13,91.5
2020-12-16,0.0,0.0
2020-12-17,0.0,19.9
2020-12-18,0.0,8.0
2020-12-19,0.0,55.8
2020-12-20,0.0,0.0
2020-12-21,0.0,27.5
2020-12-22,0.0,28.0
2020-12-23,1.05,57.2
2020-12-24,1.5,137.5
2020-12-25,0.03,309.0
2020-12-26,13.79,322.2
2020-12-27,0.0,126.7
2020-12-28,0.0,102.3
2020-12-29,0.0,3.9
2020-12-30,0.26,11.8
2020-12-31,0.0,74.0
2021-01-01,5.19,83.6
2021-01-02,0.0,76.4
2021-01-03,0.0,67.3
2021-01-04,0.0,46.7
2021-01-05,0.0,68.4
2021-01-06,2.73,68.8
2021-01-07,0.0,67.9
2021-01-08,0.0,91.2
2021-01-09,4.77,106.5
2021-01-10,0.0,19.4
2021-01-11,0.0,29.8
2021-01-12,0.27,9.3
2021-01-13,0.0,0.0
2021-01-14,0.0,7.8
2021-01-15,0.02,96.0
2021-01-16,4.42,100.3
2021-01-17,0.0,57.8
2021-01-18,0.0,22.9
2021-01-19,0.0,23.2
2021-01-20,0.0,76.9
2021-01-21,0.0,68.8
2021-01-22,3.95,81.1
2021-01-23,1.2,108.7
2021-01-24,0.56,70.6
2021-01-25,0.0,32.0
2021-01-26,1.69,36.8
2021-01-27,0.0,9.3
2021-01-28,0.0,71.3
2021-01-29,0.24,0.0
2021-01-30,0.0,0.0
2021-01-31,0.0,59.3
2021-02-01,0.0,95.1
2021-02-02,6.51,109.6
2021-02-03,0.0,105.5
2021-02-04,1.3,69.9
2021-02-05,0.0,22.8
2021-02-06,0.0,31.3
2021-02-07,1.97,90.1
2021-02-08,0.0,56.7
2021-02-09,3.16,95.5
2021-02-10,0.0,79.7
2021-02-11,1.84,78.6
2021-02-12,0.0,6.2
2021-02-13,0.0,11.6
2021-02-14,0.0,59.2
2021-02-15,0.0,45.4
2021-02-16,0.0,99.2
2021-02-17,0.92,116.5
2021-02-18,7.27,141.5
2021-02-19,0.0,61.3
2021-02-20,0.0,47.2
2021-02-21,0.0,19.1
2021-02-22,0.0,61.3
2021-02-23,0.0,166.5
2021-02-24,7.44,144.1
2021-02-25,0.0,88.4
2021-02-26,1.1,118.5
2021-02-27,0.0,88.0
2021-02-28,3.99,111.9
2021-03-01,0.0,30.8
2021-03-02,0.0,0.0
2021-03-03,0.14,11.3
2021-03-04,0.0,6.6
2021-03-05,0.0,83.1
2021-03-06,2.69,84.1
2021-03-07,1.91,72.0
2021-03-08,0.0,12.8
2021-03-09,0.0,39.3
2021-03-10,1.03,5.3
2021-03-11,0.0,113.3
2021-03-12,5.03,188.4
2021-03-13,0.68,96.3
2021-03-14,0.0,50.1
2021-03-15,0.0,0.0
2021-03-16,0.0,30.6
2021-03-17,0.0,43.8
2021-03-18,0.0,26.8
2021-03-19,0.0,24.2
2021-03-20,2.0,50.1
2021-03-21,0.0,39.6
2021-03-22,0.0,0.0
2021-03-23,0.58,30.5
2021-03-24,1.2,11.3
2021-03-25,0.1,42.8
2021-03-26,0.0,73.4
2021-03-27,2.03,124.8
2021-03-28,3.4,119.0
2021-03-29,0.0,53.5
2021-03-30,0.6,0.8
2021-03-31,0.38,21.4
2021-04-01,0.0,0.9
2021-04-02,0.0,0.0
2021-04-03,0.0,63.1
2021-04-04,2.82,73.3
2021-04-05,0.0,60.7
2021-04-06,0.0,48.2
2021-04-07,0.0,30.4
2021-04-08,1.84,58.7
2021-04-09,0.0,2.7
2021-04-10,0.0,44.2
2021-04-11,1.08,131.6
2021-04-12,4.51,134.2
2021-04-13,0.0,139.7
2021-04-14,4.73,141.0
2021-04-15,2.05,59.8
2021-04-16,0.0,59.3
2021-04-17,0.0,55.4
2021-04-18,2.01,40.5
2021-04-19,0.0,0.5
2021-04-20,0.0,2.8
2021-04-21,0.0,41.2
2021-04-22,0.0,114.7
2021-04-23,6.34,167.7
2021-04-24,0.0,220.1
2021-04-25,2.19,381.4
2021-04-26,17.47,389.0
2021-04-27,0.0,149.8
2021-04-28,0.35,96.8
2021-04-29,0.1,0.0
2021-04-30,0.0,24.7
2021-05-01,0.0,39.4
2021-05-02,0.0,38.5
2021-05-03,0.0,0.0
2021-05-04,0.0,8.4
2021-05-05,0.0,29.2
2021-05-06,0.0,0.0
2021-05-07,0.88,66.5
2021-05-08,0.0,60.2
2021-05-09,0.61,30.7
2021-05-10,1.82,36.2
2021-05-11,0.0,13.0
2021-05-12,0.04,5.5
2021-05-13,0.0,57.0
2021-05-14,0.0,112.7
2021-05-15,6.5,118.9
2021-05-16,0.0,64.4
2021-05-17,0.6,74.9
2021-05-18,0.0,2.6
2021-05-19,0.0,29.6
2021-05-20,0.0,80.2
2021-05-21,0.33,5.1
2021-05-22,0.48,25.5
2021-05-23,0.0,26.8
2021-05-24,0.0,0.0
2021-05-25,0.0,0.0
2021-05-26,0.0,0.0
2021-05-27,0.0,0.5
2021-05-28,0.0,0.0
2021-05-29,0.0,28.9
2021-05-30,0.64,50.1
2021-05-31,1.85,27.2
2021-06-01,0.0,47.9
2021-06-02,0.0,22.3
2021-06-03,0.0,33.6
2021-06-04,0.0,14.2
2021-06-05,0.0,69.2
2021-06-06,0.0,10.7
2021-06-07,0.0,16.7
2021-06-08,0.61,0.0
2021-06-09,0.0,28.0
2021-06-10,0.0,0.0
2021-06-11,0.0,0.0
2021-06-12,0.0,1.5
2021-06-13,0.0,13.9
2021-06-14,0.0,12.6
2021-06-15,0.0,27.1
2021-06-16,0.01,27.0
2021-06-17,0.09,31.5
2021-06-18,0.0,0.0
2021-06-19,0.0,1.6
2021-06-20,0.0,0.3
2021-06-21,0.0,0.0
2021-06-22,0.0,0.0
2021-06-23,0.0,34.7
2021-06-24,2.36,86.8
2021-06-25,0.0,1.7
2021-06-26,0.0,86.3
2021-06-27,0.16,54.5
2021-06-28,2.51,52.9
2021-06-29,1.46,80.0
2021-06-30,0.0,34.3
2021-07-01,1.75,24.3
2021-07-02,0.0,9.9
2021-07-03,0.0,98.2
2021-07-04,2.53,61.2
2021-07-05,0.0,29.5
2021-07-06,0.0,23.1
2021-07-07,0.0,41.5
2021-07-08,1.54,8.6
2021-07-09,0.0,29.7
2021-07-10,0.0,71.0
2021-07-11,2.92,96.5
2021-07-12,0.0,5.7
2021-07-13,0.27,41.1
2021-07-14,1.21,63.6
2021-07-15,2.21,72.9
2021-07-16,0.0,24.9
2021-07-17,0.0,0.0
2021-07-18,0.72,0.0
2021-07-19,0.0,0.0
2021-07-20,0.0,49.0
2021-07-21,0.64,85.8
2021-07-22,2.23,72.7
2021-07-23,0.0,20.3
2021-07-24,0.0,37.2
2021-07-25,0.0,12.7
2021-07-26,0.0,26.3
2021-07-27,2.78,57.8
2021-07-28,0.0,20.9
2021-07-29,0.0,15.7
2021-07-30,0.0,0.0
2021-07-31,0.17,0.0
2021-08-01,0.0,15.1
2021-08-02,0.0,0.0
2021-08-03,0.0,47.3
2021-08-04,0.0,142.2
2021-08-05,8.23,239.2
2021-08-06,2.25,251.5
2021-08-07,5.0,187.0
2021-08-08,0.0,103.3
2021-08-09,2.9,90.1
2021-08-10,0.0,45.5
2021-08-11,0.91,74.6
2021-08-12,0.0,12.3
2021-08-13,0.0,37.2
2021-08-14,0.0,163.2
2021-08-15,8.93,309.0
2021-08-16,0.04,313.4
2021-08-17,13.32,392.5
2021-08-18,1.94,164.5
2021-08-19,0.22,85.6
2021-08-20,0.0,25.2
2021-08-21,0.29,47.6
2021-08-22,0.0,59.0
2021-08-23,1.47,17.7
2021-08-24,1.19,95.9
2021-08-25,0.0,135.7
2021-08-26,8.4,209.9
2021-08-27,1.18,101.2
2021-08-28,0.0,122.6
2021-08-29,0.0,70.3
2021-08-30,3.6,62.2
2021-08-31,0.0,0.0
2021-09-01,0.0,126.8
2021-09-02,1.1,243.2
2021-09-03,12.44,301.4
2021-09-04,0.0,313.8
2021-09-05,11.09,296.0
2021-09-06,0.0,69.8
2021-09-07,0.75,209.9
2021-09-08,5.96,145.4
2021-09-09,0.0,65.6
2021-09-10,0.0,53.7
2021-09-11,0.0,0.0
2021-09-12,0.0,0.0
2021-09-13,0.0,0.0
2021-09-14,0.0,44.4
2021-09-15,1.05,10.1
2021-09-16,0.0,35.3
2021-09-17,0.0,0.0
2021-09-18,0.16,28.0
2021-09-19,3.25,87.6
2021-09-20,0.86,64.6
2021-09-21,0.0,31.3
2021-09-22,0.0,18.7
2021-09-23,0.0,17.4
2021-09-24,0.0,23.5
2021-09-25,0.0,31.4
2021-09-26,0.0,14.0
2021-09-27,0.41,0.0
2021-09-28,0.0,31.2
2021-09-29,0.0,182.3
2021-09-30,9.44,151.8
2021-10-01,0.04,56.1
2021-10-02,0.0,66.1
2021-10-03,0.0,0.0
2021-10-04,0.0,0.0
2021-10-05,0.37,46.8
2021-10-06,2.31,81.4
2021-10-07,0.0,25.5
2021-10-08,0.41,34.8
2021-10-09,0.0,15.5
2021-10-10,0.4,5.0
2021-10-11,0.0,67.8
2021-10-12,0.0,59.3
2021-10-13,3.54,63.8
2021-10-14,0.25,33.8
2021-10-15,2.09,97.4
2021-10-16,0.0,39.3
2021-10-17,1.83,39.5
2021-10-18,0.0,35.8
2021-10-19,0.0,56.2
2021-10-20,3.38,75.0
2021-10-21,1.31,79.9
2021-10-22,0.75,96.1
2021-10-23,0.0,85.5
2021-10-24,2.98,76.1
2021-10-25,0.0,37.9
2021-10-26,0.0,4.5
2021-10-27,0.22,0.0
2021-10-28,0.47,89.5
2021-10-29,0.0,316.0
2021-10-30,17.53,447.0
2021-10-31,4.12,271.2
2021-11-01,0.0,220.1
2021-11-02,2.11,124.4
2021-11-03,2.23,61.0
2021-11-04,0.0,86.9
2021-11-05,0.0,0.0
2021-11-06,0.93,55.0
2021-11-07,0.0,49.4
2021-11-08,3.64,85.2
2021-11-09,0.0,35.2
2021-11-10,0.0,42.8
2021-11-11,0.0,10.8
2021-11-12,0.0,0.0
2021-11-13,0.0,0.0
2021-11-14,0.0,21.7
2021-11-15,1.24,68.4
2021-11-16,1.6,113.8
2021-11-17,3.55,114.8
2021-11-18,0.0,9.3
2021-11-19,0.0,0.0
2021-11-20,0.0,17.0
2021-11-21,0.0,42.6
2021-11-22,0.0,99.3
2021-11-23,4.01,71.6
2021-11-24,0.0,0.0
2021-11-25,0.0,0.0
2021-11-26,0.0,0.0
2021-11-27,0.0,0.0
2021-11-28,0.0,30.9
2021-11-29,0.0,172.5
2021-11-30,8.6,211.1
2021-12-01,0.71,134.4
2021-12-02,2.82,159.3
2021-12-03,1.1,80.4
2021-12-04,0.0,53.1
2021-12-05,0.73,28.7
2021-12-06,0.73,76.9
2021-12-07,2.22,26.9
2021-12-08,0.0,43.1
2021-12-09,0.0,0.0
2021-12-10,0.0,14.3
2021-12-11,0.0,113.4
2021-12-12,2.86,101.8
2021-12-13,0.49,59.6
2021-12-14,0.0,73.2
2021-12-15,0.91,116.3
2021-12-16,3.38,100.1
2021-12-17,0.0,49.9
2021-12-18,0.0,206.1
2021-12-19,8.18,182.2
2021-12-20,0.29,75.2
2021-12-21,0.0,32.2
2021-12-22,0.0,0.0
2021-12-23,0.0,16.6
2021-12-24,0.0,36.4
2021-12-25,0.0,77.2
2021-12-26,0.0,259.9
2021-12-27,13.53,262.9
2021-12-28,0.0,115.8
2021-12-29,0.0,69.6
2021-12-30,0.0,97.7
2021-12-31,2.58,347.3
2022-01-01,16.27,341.8
2022-01-02,0.0,163.6
2022-01-03,1.04,127.8
2022-01-04,0.0,85.1
2022-01-05,0.0,68.5
2022-01-06,2.69,91.5
2022-01-07,0.91,51.0
2022-01-08,0.0,15.2
2022-01-09,1.37,64.5
2022-01-10,1.93,22.4
2022-01-11,0.0,44.3
2022-01-12,0.0,16.7
2022-01-13,2.4,48.3
2022-01-14,0.02,0.0
2022-01-15,0.0,0.0
2022-01-16,0.0,0.0
2022-01-17,0.0,41.6
2022-01-18,0.0,151.6
2022-01-19,5.6,148.1
2022-01-20,2.84,87.6
2022-01-21,0.0,116.3
2022-01-22,0.0,12.4
2022-01-23,1.89,126.7
2022-01-24,3.93,140.1
2022-01-25,0.0,104.1
2022-01-26,1.86,70.7
2022-01-27,1.5,56.6
2022-01-28,0.0,45.4
2022-01-29,0.0,0.0
2022-01-30,0.0,5.0
2022-01-31,0.0,0.0
2022-02-01,0.0,0.0
2022-02-02,0.0,24.7
2022-02-03,0.0,0.1
2022-02-04,0.0,34.5
2022-02-05,1.54,25.3
2022-02-06,1.5,61.9
2022-02-07,0.0,151.4
2022-02-08,6.67,193.1
2022-02-09,1.38,73.4
2022-02-10,0.0,98.3
2022-02-11,0.0,41.5
2022-02-12,0.0,13.8
2022-02-13,0.0,0.0
2022-02-14,0.0,0.0
2022-02-15,0.0,49.9
2022-02-16,1.58,51.3
2022-02-17,0.0,164.2
2022-02-18,6.89,220.7
2022-02-19,2.31,91.7
2022-02-20,0.0,88.6
2022-02-21,0.0,0.0
2022-02-22,0.0,10.6
2022-02-23,0.29,0.0
2022-02-24,0.0,43.3
2022-02-25,0.0,124.9
2022-02-26,6.58,118.9
2022-02-27,0.0,51.0
2022-02-28,0.0,41.6
2022-03-01,0.0,29.8
2022-03-02,0.0,62.3
2022-03-03,1.28,65.7
2022-03-04,0.0,23.0
2022-03-05,0.23,0.0
2022-03-06,0.0,0.0
2022-03-07,0.0,12.7
2022-03-08,0.0,19.2
2022-03-09,0.0,9.9
2022-03-10,0.0,0.0
2022-03-11,0.0,11.7
2022-03-12,0.16,0.4
2022-03-13,0.22,0.0
2022-03-14,0.0,1.0
2022-03-15,1.08,10.2
2022-03-16,0.0,56.1
2022-03-17,0.0,108.6
2022-03-18,3.55,31.6
2022-03-19,0.0,47.7
2022-03-20,0.0,0.0
2022-03-21,0.0,12.3
2022-03-22,0.51,111.1
2022-03-23,5.12,134.0
2022-03-24,0.38,182.0
2022-03-25,6.58,163.2
2022-03-26,0.0,135.1
2022-03-27,2.23,93.8
2022-03-28,1.41,41.5
2022-03-29,0.0,12.8
2022-03-30,0.0,35.4
2022-03-31,0.0,19.0
2022-04-01,0.0,54.7
2022-04-02,1.27,81.7
2022-04-03,0.0,88.1
2022-04-04,3.54,87.8
2022-04-05,0.84,44.3
2022-04-06,0.0,42.7
2022-04-07,0.21,46.9
2022-04-08,3.69,71.2
2022-04-09,0.0,54.3
2022-04-10,1.31,61.4
2022-04-11,0.16,92.5
2022-04-12,0.0,44.9
2022-04-13,0.0,47.8
2022-04-14,0.0,38.1
2022-04-15,0.0,88.6
2022-04-16,5.89,123.7
2022-04-17,0.0,151.5
2022-04-18,4.85,167.7
2022-04-19,0.57,80.2
2022-04-20,0.1,54.0
2022-04-21,0.0,0.0
2022-04-22,0.0,22.8
2022-04-23,0.0,20.4
2022-04-24,0.0,0.8
2022-04-25,0.0,60.7
2022-04-26,0.19,0.0
2022-04-27,0.0,0.0
2022-04-28,0.0,83.3
2022-04-29,3.48,80.3
2022-04-30,0.92,75.4
2022-05-01,1.51,105.9
2022-05-02,0.0,267.0
2022-05-03,13.2,314.7
2022-05-04,1.68,181.1
2022-05-05,2.93,145.7
2022-05-06,0.0,53.4
2022-05-07,0.0,2.6
2022-05-08,0.0,0.0
2022-05-09,0.0,65.5
2022-05-10,0.0,0.0
2022-05-11,0.0,0.0
2022-05-12,0.0,59.4
2022-05-13,1.7,37.6
2022-05-14,0.33,59.8
2022-05-15,0.0,116.1
2022-05-16,5.73,154.1
2022-05-17,2.35,150.2
2022-05-18,0.91,114.8
2022-05-19,0.0,19.9
2022-05-20,0.0,0.0
2022-05-21,0.0,0.0
2022-05-22,0.0,18.4
2022-05-23,0.41,3.9
2022-05-24,0.18,36.8
2022-05-25,0.0,0.0
2022-05-26,0.0,15.8
2022-05-27,0.0,0.0
2022-05-28,0.34,0.0
2022-05-29,1.25,47.9
2022-05-30,0.91,34.6
2022-05-31,0.15,130.8
2022-06-01,3.88,297.4
2022-06-02,10.61,228.6
2022-06-03,0.0,169.4
2022-06-04,0.0,149.3
2022-06-05,4.76,231.3
2022-06-06,2.06,141.0
2022-06-07,3.82,134.4
2022-06-08,0.0,103.9
2022-06-09,2.06,68.7
2022-06-10,0.0,55.4
2022-06-11,0.0,97.8
2022-06-12,1.85,154.8
2022-06-13,8.04,221.8
2022-06-14,0.0,179.8
2022-06-15,4.67,89.8
2022-06-16,0.0,0.0
2022-06-17,0.0,42.8
2022-06-18,0.0,55.5
2022-06-19,0.51,107.8
2022-06-20,6.05,144.5
2022-06-21,0.0,91.0
2022-06-22,0.03,42.8
2022-06-23,0.0,0.0
2022-06-24,0.0,23.9
2022-06-25,0.0,0.0
2022-06-26,0.0,4.3
2022-06-27,0.24,25.6
2022-06-28,0.0,0.0
2022-06-29,0.0,1.6
2022-06-30,0.0,20.7
2022-07-01,0.0,18.0
2022-07-02,0.0,2.4
2022-07-03,0.0,82.1
2022-07-04,1.67,116.1
2022-07-05,3.11,112.2
2022-07-06,0.0,47.8
2022-07-07,0.0,68.6
2022-07-08,1.63,88.7
2022-07-09,4.74,143.4
2022-07-10,0.0,98.5
2022-07-11,1.42,75.2
2022-07-12,0.29,142.5
2022-07-13,0.0,258.1
2022-07-14,13.04,262.7
2022-07-15,0.0,119.8
2022-07-16,1.19,77.5
2022-07-17,0.0,0.0
2022-07-18,0.0,17.5
2022-07-19,0.0,19.3
2022-07-20,0.0,7.4
2022-07-21,0.0,52.2
2022-07-22,2.46,96.3
2022-07-23,0.0,109.2
2022-07-24,0.0,86.8
2022-07-25,0.83,174.8
2022-07-26,9.35,178.6
2022-07-27,0.0,102.4
2022-07-28,0.78,29.1
2022-07-29,0.0,10.6
2022-07-30,0.0,0.0
2022-07-31,0.0,10.2
2022-08-01,0.0,81.7
2022-08-02,4.33,70.6
2022-08-03,0.33,49.4
2022-08-04,0.0,17.7
2022-08-05,0.38,0.0
2022-08-06,0.0,0.0
2022-08-07,0.0,0.0
2022-08-08,0.0,8.4
2022-08-09,0.0,19.7
2022-08-10,1.15,48.1
2022-08-11,0.0,88.4
2022-08-12,3.16,66.3
2022-08-13,1.48,36.1
2022-08-14,0.0,55.4
2022-08-15,0.0,108.3
2022-08-16,0.0,191.3
2022-08-17,9.92,212.7
2022-08-18,0.0,57.0
2022-08-19,0.0,39.6
2022-08-20,0.48,58.1
2022-08-21,3.18,222.1
2022-08-22,4.24,319.0
2022-08-23,10.78,312.7
2022-08-24,0.0,111.3
2022-08-25,1.14,60.2
2022-08-26,0.0,43.9
2022-08-27,0.0,27.4
2022-08-28,0.0,35.9
2022-08-29,0.0,28.2
2022-08-30,2.04,12.9
2022-08-31,0.0,1.2
2022-09-01,0.0,0.0
2022-09-02,0.0,48.7
2022-09-03,0.0,44.0
2022-09-04,0.9,58.1
2022-09-05,0.0,93.0
2022-09-06,4.86,119.9
2022-09-07,0.0,34.2
2022-09-08,0.07,128.4
2022-09-09,0.0,270.1
2022-09-10,13.89,324.5
2022-09-11,1.56,185.9
2022-09-12,3.4,185.3
2022-09-13,0.0,154.9
2022-09-14,4.98,223.8
2022-09-15,2.8,134.7
2022-09-16,2.06,98.3
2022-09-17,0.0,46.7
2022-09-18,0.0,192.8
2022-09-19,10.66,256.5
2022-09-20,0.0,95.5
2022-09-21,0.0,86.9
2022-09-22,1.06,29.5
2022-09-23,0.0,47.5
2022-09-24,0.89,51.5
2022-09-25,0.0,14.5
2022-09-26,0.0,20.6
2022-09-27,0.0,155.8
2022-09-28,3.18,398.8
2022-09-29,16.66,377.9
2022-09-30,0.0,228.2
2022-10-01,3.09,167.4
2022-10-02,0.0,42.5
2022-10-03,0.43,8.7
2022-10-04,0.09,51.9
2022-10-05,3.84,158.5
2022-10-06,0.0,184.4
2022-10-07,9.64,209.9
2022-10-08,0.0,83.3
2022-10-09,0.51,69.5
2022-10-10,0.0,51.4
2022-10-11,0.0,8.6
2022-10-12,1.21,5.4
2022-10-13,0.0,39.2
2022-10-14,0.0,46.0
2022-10-15,0.0,60.6
2022-10-16,4.29,102.2
2022-10-17,0.0,159.5
2022-10-18,7.27,137.2
2022-10-19,0.0,87.2
2022-10-20,2.98,96.6
2022-10-21,0.01,122.3
2022-10-22,3.24,102.1
2022-10-23,0.3,75.2
2022-10-24,1.88,30.6
2022-10-25,0.0,53.0
2022-10-26,1.05,66.8
2022-10-27,1.19,10.0
2022-10-28,0.0,552.5
2022-10-29,0.0,2045.6
2022-10-30,92.49,3163.6
2022-10-31,60.91,2580.0
2022-11-01,25.0,1649.0
2022-11-02,1.01,608.5
2022-11-03,0.0,195.0
2022-11-04,0.0,2.4
2022-11-05,0.0,0.0
2022-11-06,0.0,51.4
2022-11-07,0.0,219.4
2022-11-08,7.86,175.3
2022-11-09,1.16,119.3
2022-11-10,0.0,146.3
2022-11-11,5.74,113.9
2022-11-12,0.83,110.7
2022-11-13,0.0,133.0
2022-11-14,6.95,104.8
2022-11-15,0.0,80.2
2022-11-16,0.0,27.1
2022-11-17,0.0,81.9
2022-11-18,3.61,138.3
2022-11-19,1.95,56.2
2022-11-20,0.0,29.8
2022-11-21,0.0,35.0
2022-11-22,0.0,32.2
2022-11-23,3.3,78.1
2022-11-24,0.0,50.0
2022-11-25,0.87,52.8
2022-11-26,0.0,32.8
2022-11-27,1.1,25.2
2022-11-28,0.0,45.3
2022-11-29,0.0,0.0
2022-11-30,0.0,0.0
2022-12-01,0.0,52.1
2022-12-02,1.5,79.6
2022-12-03,0.0,8.4
2022-12-04,0.0,30.5
2022-12-05,0.0,26.7
2022-12-06,0.0,88.7
2022-12-07,0.0,167.4
2022-12-08,7.36,203.0
2022-12-09,2.8,127.6
2022-12-10,0.0,25.7
2022-12-11,0.0,0.0
2022-12-12,0.0,21.2
2022-12-13,1.17,42.7
2022-12-14,0.37,34.5
2022-12-15,0.0,16.6
2022-12-16,0.0,33.9
2022-12-17,1.62,51.6
2022-12-18,0.0,106.9
2022-12-19,2.04,157.8
2022-12-20,5.69,126.7
2022-12-21,1.62,99.8
2022-12-22,0.0,109.6
2022-12-23,2.65,84.0
2022-12-24,0.0,0.0
2022-12-25,0.0,0.0
2022-12-26,0.0,45.9
2022-12-27,0.0,67.8
2022-12-28,2.42,108.6
2022-12-29,1.86,51.9
2022-12-30,0.0,74.8
2022-12-31,0.0,0.0
2023-01-01,0.0,183.4
2023-01-02,2.99,474.1
2023-01-03,21.62,504.8
2023-01-04,0.33,223.5
2023-01-05,0.46,175.1
2023-01-06,0.91,63.4
2023-01-07,2.07,69.7
2023-01-08,0.0,43.7
2023-01-09,3.01,16.2
2023-01-10,0.0,0.0
2023-01-11,0.0,28.9
2023-01-12,0.0,2.9
2023-01-13,0.0,0.0
2023-01-14,0.0,25.2
2023-01-15,0.0,47.8
2023-01-16,1.11,65.5
2023-01-17,1.69,33.0
2023-01-18,0.78,8.5
2023-01-19,0.0,52.0
2023-01-20,0.0,28.4
2023-01-21,1.89,65.9
2023-01-22,0.0,36.1
2023-01-23,0.0,0.0
2023-01-24,1.0,38.9
2023-01-25,0.43,122.4
2023-01-26,4.95,132.7
2023-01-27,0.0,93.9
2023-01-28,2.03,24.2
2023-01-29,0.0,26.2
2023-01-30,0.0,0.0
2023-01-31,0.0,4.0
2023-02-01,0.0,0.0
2023-02-02,0.0,18.6
2023-02-03,0.0,4.2
2023-02-04,0.49,0.0
2023-02-05,0.0,0.0
2023-02-06,0.0,9.9
2023-02-07,0.0,0.0
2023-02-08,0.0,0.0
2023-02-09,0.0,2.6
2023-02-10,0.0,3.4
2023-02-11,0.0,26.5
2023-02-12,0.65,0.9
2023-02-13,0.0,25.9
2023-02-14,0.0,0.0
2023-02-15,0.0,40.7
2023-02-16,0.0,3.7
2023-02-17,0.0,20.5
2023-02-18,0.0,12.9
2023-02-19,0.0,48.4
2023-02-20,2.18,36.6
2023-02-21,0.0,36.9
2023-02-22,0.0,55.5
2023-02-23,3.38,36.2
2023-02-24,0.39,103.8
2023-02-25,1.74,152.7
2023-02-26,3.38,115.8
2023-02-27,0.0,39.4
2023-02-28,0.0,35.6
2023-03-01,0.0,0.0
2023-03-02,0.0,24.6
2023-03-03,0.0,17.4
2023-03-04,1.95,41.5
2023-03-05,0.0,68.3
2023-03-06,0.94,132.3
2023-03-07,3.03,117.6
2023-03-08,1.96,94.4
2023-03-09,1.21,47.1
2023-03-10,0.0,62.0
2023-03-11,0.0,23.4
2023-03-12,0.0,0.0
2023-03-13,0.0,20.2
2023-03-14,0.23,10.3
2023-03-15,0.0,6.7
2023-03-16,0.0,13.7
2023-03-17,0.0,6.0
2023-03-18,0.0,28.4
2023-03-19,0.0,9.8
2023-03-20,0.0,0.0
2023-03-21,0.0,2.5
2023-03-22,0.0,0.0
2023-03-23,0.0,0.0
2023-03-24,0.0,36.6
2023-03-25,0.9,177.1
2023-03-26,8.23,181.9
2023-03-27,0.0,92.5
2023-03-28,1.06,63.5
2023-03-29,0.0,0.0
2023-03-30,0.0,21.5
2023-03-31,0.0,0.0
2023-04-01,0.0,16.7
2023-04-02,0.27,24.1
2023-04-03,0.0,7.8
2023-04-04,0.3,20.1
2023-04-05,1.65,87.5
2023-04-06,2.56,56.8
2023-04-07,0.0,27.1
2023-04-08,0.0,0.0
2023-04-09,0.09,11.3
2023-04-10,0.0,9.6
2023-04-11,0.0,0.0
2023-04-12,0.21,45.4
2023-04-13,0.49,18.6
2023-04-14,0.36,83.8
2023-04-15,0.0,48.8
2023-04-16,0.0,7.2
2023-04-17,0.0,0.0
2023-04-18,0.0,0.3
2023-04-19,0.0,0.0
2023-04-20,0.0,14.1
2023-04-21,0.0,21.6
2023-04-22,0.0,0.0
2023-04-23,0.0,23.1
2023-04-24,0.0,79.7
2023-04-25,2.03,52.2
2023-04-26,0.0,65.2
2023-04-27,1.24,52.8
2023-04-28,0.0,14.8
2023-04-29,0.0,80.3
2023-04-30,0.0,159.9
2023-05-01,9.49,206.3
2023-05-02,0.0,137.8
2023-05-03,0.0,99.6
2023-05-04,1.2,42.0
2023-05-05,0.0,42.1
2023-05-06,0.0,196.9
2023-05-07,8.32,230.9
2023-05-08,3.56,172.1
2023-05-09,0.0,80.4
2023-05-10,0.0,50.3
2023-05-11,2.31,58.9
2023-05-12,0.77,81.5
2023-05-13,0.0,157.4
2023-05-14,8.55,203.0
2023-05-15,0.0,103.0
2023-05-16,0.0,121.3
2023-05-17,2.57,63.6
2023-05-18,0.0,18.9
2023-05-19,0.0,0.0
2023-05-20,0.0,26.1
2023-05-21,0.0,18.4
2023-05-22,0.72,71.8
2023-05-23,0.9,57.6
2023-05-24,1.48,91.3
2023-05-25,0.0,213.1
2023-05-26,3.08,338.1
2023-05-27,14.29,441.2
2023-05-28,2.47,189.4
2023-05-29,0.53,91.0
2023-05-30,0.0,24.4
2023-05-31,0.0,15.5
2023-06-01,0.0,52.3
2023-06-02,2.04,185.9
2023-06-03,2.49,126.6
2023-06-04,5.85,178.4
2023-06-05,1.0,122.1
2023-06-06,0.0,76.4
2023-06-07,0.0,14.3
2023-06-08,0.0,31.8
2023-06-09,0.0,53.9
2023-06-10,0.0,22.7
2023-06-11,0.0,28.0
2023-06-12,1.49,120.6
2023-06-13,0.0,168.1
2023-06-14,7.89,229.1
2023-06-15,1.01,107.2
2023-06-16,0.27,54.9
2023-06-17,0.0,73.0
2023-06-18,0.0,15.7
2023-06-19,0.73,35.3
2023-06-20,0.79,0.0
2023-06-21,0.0,95.4
2023-06-22,2.29,215.1
2023-06-23,9.38,258.5
2023-06-24,0.0,81.9
2023-06-25,0.0,65.4
2023-06-26,0.0,0.0
2023-06-27,0.0,0.0
2023-06-28,0.0,17.0
2023-06-29,0.88,13.7
2023-06-30,0.0,0.0
2023-07-01,0.11,0.0
2023-07-02,0.0,29.1
2023-07-03,0.0,8.0
2023-07-04,0.0,18.2
2023-07-05,0.0,15.5
2023-07-06,1.21,0.0
2023-07-07,0.0,0.0
2023-07-08,0.0,0.9
2023-07-09,0.02,0.0
2023-07-10,0.0,0.0
2023-07-11,0.0,66.1
2023-07-12,2.76,9.0
2023-07-13,0.0,22.6
2023-07-14,0.0,3.1
2023-07-15,0.25,21.6
2023-07-16,0.0,84.4
2023-07-17,5.77,127.7
2023-07-18,0.0,87.8
2023-07-19,0.0,15.5
2023-07-20,0.0,3.6
2023-07-21,0.0,0.0
2023-07-22,0.0,29.0
2023-07-23,0.0,0.0
2023-07-24,0.0,103.5
2023-07-25,0.0,147.4
2023-07-26,6.84,164.7
2023-07-27,0.24,138.5
2023-07-28,3.26,131.5
2023-07-29,0.0,39.6
2023-07-30,0.13,34.2
2023-07-31,0.0,8.1
2023-08-01,0.62,56.4
2023-08-02,0.0,48.4
2023-08-03,2.42,109.7
2023-08-04,0.0,173.6
2023-08-05,6.56,276.7
2023-08-06,5.01,142.6
2023-08-07,0.0,97.9
2023-08-08,0.0,126.2
2023-08-09,1.77,83.1
2023-08-10,3.33,77.8
2023-08-11,0.0,92.4
2023-08-12,0.0,9.1
2023-08-13,0.0,11.1
2023-08-14,0.0,27.2
2023-08-15,0.0,45.9
2023-08-16,0.0,0.0
2023-08-17,0.0,4.2
2023-08-18,0.0,0.0
2023-08-19,0.94,35.8
2023-08-20,0.0,0.0
2023-08-21,0.0,26.1
2023-08-22,0.0,5.0
2023-08-23,0.0,9.0
2023-08-24,0.0,0.0
2023-08-25,0.27,4.1
2023-08-26,0.0,0.0
2023-08-27,0.0,43.4
2023-08-28,2.42,21.4
2023-08-29,0.0,70.7
2023-08-30,0.0,15.8
2023-08-31,0.48,75.2
2023-09-01,3.97,115.9
2023-09-02,0.0,56.0
2023-09-03,0.0,135.9
2023-09-04,3.42,79.1
2023-09-05,1.05,24.9
2023-09-06,0.0,134.6
2023-09-07,7.09,177.3
2023-09-08,0.0,92.2
2023-09-09,1.29,75.7
2023-09-10,0.0,17.5
2023-09-11,0.0,64.6
2023-09-12,0.0,38.1
2023-09-13,2.74,40.4
2023-09-14,0.0,44.9
2023-09-15,0.0,0.0
2023-09-16,0.0,11.4
2023-09-17,0.0,0.0
2023-09-18,0.0,2.4
2023-09-19,0.0,0.0
2023-09-20,0.0,0.0
2023-09-21,0.0,0.0
2023-09-22,0.0,23.0
2023-09-23,1.44,55.7
2023-09-24,0.0,11.1
2023-09-25,0.0,32.2
2023-09-26,0.48,18.1
2023-09-27,0.0,26.7
2023-09-28,0.0,26.2
2023-09-29,0.0,4.6
2023-09-30,0.0,42.7
2023-10-01,0.18,41.1
2023-10-02,3.34,80.7
2023-10-03,0.0,61.0
2023-10-04,0.0,36.3
2023-10-05,0.42,0.0
2023-10-06,0.0,70.4
2023-10-07,1.46,12.6
2023-10-08,0.0,40.9
2023-10-09,0.0,0.0
2023-10-10,0.0,0.0
2023-10-11,0.0,70.7
2023-10-12,0.0,192.6
2023-10-13,9.59,203.1
2023-10-14,0.0,73.1
2023-10-15,0.0,15.9
2023-10-16,0.0,0.0
2023-10-17,0.0,5.8
2023-10-18,0.0,0.0
2023-10-19,0.0,29.2
2023-10-20,0.0,0.0
2023-10-21,0.0,35.4
2023-10-22,0.0,24.2
2023-10-23,2.75,75.9
2023-10-24,0.3,81.5
2023-10-25,3.1,95.6
2023-10-26,0.06,51.5
2023-10-27,0.0,52.8
2023-10-28,0.0,101.4
2023-10-29,3.95,68.2
2023-10-30,0.13,66.5
2023-10-31,2.35,113.1
2023-11-01,0.0,135.1
2023-11-02,4.88,164.8
2023-11-03,0.33,88.8
2023-11-04,0.0,44.7
2023-11-05,0.43,0.4
2023-11-06,0.0,47.5
2023-11-07,0.84,0.0
2023-11-08,0.0,2.7
2023-11-09,0.0,0.0
2023-11-10,0.04,6.7
2023-11-11,0.0,22.3
2023-11-12,0.0,6.3
2023-11-13,0.0,27.4
2023-11-14,0.09,81.3
2023-11-15,1.39,117.8
2023-11-16,6.16,198.1
2023-11-17,0.0,98.5
2023-11-18,1.31,44.2
2023-11-19,0.0,0.1
2023-11-20,0.0,25.8
2023-11-21,0.55,47.5
2023-11-22,1.82,60.3
2023-11-23,0.25,26.8
2023-11-24,0.0,61.4
2023-11-25,0.0,47.2
2023-11-26,1.6,73.3
2023-11-27,6.5,189.5
2023-11-28,0.0,70.8
2023-11-29,0.0,127.4
2023-11-30,4.46,70.0
2023-12-01,0.0,81.7
2023-12-02,0.19,34.3
2023-12-03,0.0,0.0
2023-12-04,0.0,0.0
2023-12-05,0.0,30.7
2023-12-06,0.0,19.3
2023-12-07,0.0,10.5
2023-12-08,0.0,2.1
2023-12-09,0.96,53.1
2023-12-10,0.81,48.0
2023-12-11,1.89,141.8
2023-12-12,0.91,76.9
2023-12-13,4.26,113.0
2023-12-14,0.0,27.0
2023-12-15,0.0,40.9
2023-12-16,0.74,59.3
2023-12-17,1.41,117.9
2023-12-18,2.51,72.5
2023-12-19,0.22,26.6
2023-12-20,0.0,26.5
2023-12-21,0.0,0.0
2023-12-22,0.0,41.3
2023-12-23,0.0,0.0
2023-12-24,0.0,34.5
2023-12-25,0.0,0.0
2023-12-26,0.0,2.1
2023-12-27,0.0,0.0
2023-12-28,0.02,14.6
2023-12-29,0.0,0.0
2023-12-30,0.0,0.0
2023-12-31,0.0,30.2
2024-01-01,0.0,61.3
2024-01-02,0.0,159.1
2024-01-03,11.2,310.0
2024-01-04,0.0,245.3
2024-01-05,10.49,294.9
2024-01-06,0.0,114.0
2024-01-07,0.22,81.5
2024-01-08,1.14,56.3
2024-01-09,0.25,0.0
2024-01-10,0.0,6.9
2024-01-11,0.15,19.6
2024-01-12,0.0,0.0
2024-01-13,0.0,27.0
2024-01-14,0.0,76.4
2024-01-15,0.0,164.0
2024-01-16,7.44,147.2
2024-01-17,0.0,151.4
2024-01-18,3.82,134.9
2024-01-19,0.0,35.4
2024-01-20,0.0,28.8
2024-01-21,0.0,0.0
2024-01-22,0.0,0.0
2024-01-23,0.0,0.0
2024-01-24,0.0,5.6
2024-01-25,0.0,14.9
2024-01-26,0.0,30.2
2024-01-27,1.4,148.8
2024-01-28,0.0,178.4
2024-01-29,9.63,198.3
2024-01-30,0.78,119.8
2024-01-31,0.0,54.5
2024-02-01,0.0,23.7
2024-02-02,0.0,94.3
2024-02-03,3.58,67.3
2024-02-04,0.0,12.3
2024-02-05,0.0,92.1
2024-02-06,0.04,134.9
2024-02-07,7.85,171.0
2024-02-08,0.0,75.7
2024-02-09,0.0,100.2
2024-02-10,1.01,88.1
2024-02-11,2.49,93.2
2024-02-12,0.0,101.9
2024-02-13,1.78,106.1
2024-02-14,3.49,105.0
2024-02-15,0.0,141.8
2024-02-16,0.0,179.0
2024-02-17,9.58,225.3
2024-02-18,0.0,112.6
2024-02-19,0.0,47.3
2024-02-20,1.28,0.0
2024-02-21,0.0,43.8
2024-02-22,0.59,0.0
2024-02-23,0.0,61.8
2024-02-24,0.34,13.7
2024-02-25,0.7,53.7
2024-02-26,0.0,38.6
2024-02-27,0.0,89.8
2024-02-28,3.78,55.8
2024-02-29,0.0,32.3
2024-03-01,0.0,0.0
2024-03-02,0.0,14.7
2024-03-03,0.0,23.2
2024-03-04,0.0,78.9
2024-03-05,0.0,113.3
2024-03-06,6.87,175.6
2024-03-07,0.0,217.1
2024-03-08,6.27,175.8
2024-03-09,0.0,184.7
2024-03-10,4.25,181.2
2024-03-11,1.12,29.4
2024-03-12,0.0,9.8
2024-03-13,0.0,12.2
2024-03-14,0.0,19.3
2024-03-15,0.0,84.6
2024-03-16,4.65,125.8
2024-03-17,0.0,73.8
2024-03-18,1.9,101.6
2024-03-19,0.89,49.8
2024-03-20,0.0,14.7
2024-03-21,0.0,25.2
2024-03-22,0.0,11.3
2024-03-23,1.22,49.1
2024-03-24,0.71,21.5
2024-03-25,0.46,159.4
2024-03-26,0.59,345.1
2024-03-27,19.16,430.5
2024-03-28,0.0,328.6
2024-03-29,5.91,255.2
2024-03-30,0.0,48.4
2024-03-31,0.37,59.6
2024-04-01,0.0,9.9
2024-04-02,0.0,94.9
2024-04-03,2.94,150.0
2024-04-04,2.36,111.7
2024-04-05,0.0,8.8
2024-04-06,1.14,19.0
2024-04-07,0.0,55.6
2024-04-08,0.0,75.6
2024-04-09,1.78,48.0
2024-04-10,0.29,25.8
2024-04-11,2.42,60.5
2024-04-12,0.0,31.7
2024-04-13,0.07,61.4
2024-04-14,0.0,0.0
2024-04-15,2.57,102.0
2024-04-16,0.0,12.3
2024-04-17,0.0,0.0
2024-04-18,0.0,69.3
2024-04-19,1.58,41.7
2024-04-20,0.15,20.8
2024-04-21,1.06,105.2
2024-04-22,4.89,80.6
2024-04-23,0.0,29.0
2024-04-24,0.0,89.5
2024-04-25,0.0,24.1
2024-04-26,0.0,70.2
2024-04-27,0.0,159.8
2024-04-28,8.24,322.0
2024-04-29,4.91,197.7
2024-04-30,4.32,219.8
2024-05-01,0.0,83.1
2024-05-02,0.0,24.8
2024-05-03,0.0,10.3
2024-05-04,0.0,113.0
2024-05-05,3.51,98.6
2024-05-06,0.24,8.1
2024-05-07,0.0,0.0
2024-05-08,0.0,0.0
2024-05-09,0.0,38.1
2024-05-10,0.0,47.9
2024-05-11,1.39,47.5
2024-05-12,0.0,0.0
2024-05-13,0.0,0.0
2024-05-14,0.0,3.2
2024-05-15,0.0,0.0
2024-05-16,0.0,10.4
2024-05-17,0.0,0.0
2024-05-18,0.0,21.3
2024-05-19,0.0,55.2
2024-05-20,0.95,52.6
2024-05-21,1.63,38.3
2024-05-22,0.26,7.9
2024-05-23,0.0,26.2
2024-05-24,0.0,22.2
2024-05-25,0.0,0.0
2024-05-26,0.0,64.4
2024-05-27,0.0,227.2
2024-05-28,13.59,286.2
2024-05-29,0.0,132.7
2024-05-30,0.0,85.8
2024-05-31,0.09,68.1
2024-06-01,0.0,107.4
2024-06-02,2.95,80.6
2024-06-03,0.0,10.6
2024-06-04,0.0,34.0
2024-06-05,0.0,0.0
2024-06-06,0.0,0.0
2024-06-07,0.0,17.2
2024-06-08,0.0,22.7
2024-06-09,0.55,62.2
2024-06-10,3.13,82.3
2024-06-11,0.0,171.9
2024-06-12,5.79,185.8
2024-06-13,2.58,101.1
2024-06-14,0.0,67.9
2024-06-15,0.0,49.9
2024-06-16,0.0,28.7
2024-06-17,2.46,55.0
2024-06-18,0.0,49.3
2024-06-19,0.0,43.1
2024-06-20,0.46,136.0
2024-06-21,6.45,230.5
2024-06-22,4.58,185.0
2024-06-23,0.62,100.6
2024-06-24,0.0,78.4
2024-06-25,0.96,56.9
2024-06-26,0.0,0.0
2024-06-27,0.0,2.9
2024-06-28,0.0,48.5
2024-06-29,1.72,72.7
2024-06-30,1.23,71.9
2024-07-01,0.0,42.2
2024-07-02,0.0,17.9
2024-07-03,0.0,4.8
2024-07-04,0.0,6.8
2024-07-05,0.0,76.4
2024-07-06,0.0,235.0
2024-07-07,12.53,266.9
2024-07-08,0.0,101.3
2024-07-09,0.0,75.6
2024-07-10,0.0,0.0
2024-07-11,0.0,44.6
2024-07-12,0.0,3.0
2024-07-13,0.0,86.6
2024-07-14,0.0,209.7
2024-07-15,9.21,289.3
2024-07-16,6.54,190.0
2024-07-17,0.0,158.8
2024-07-18,0.63,128.6
2024-07-19,3.15,117.4
2024-07-20,0.5,158.2
2024-07-21,3.6,214.0
2024-07-22,7.36,192.1
2024-07-23,0.47,82.1
2024-07-24,0.13,53.1
2024-07-25,0.0,23.6
2024-07-26,0.0,35.6
2024-07-27,1.62,13.7
2024-07-28,0.15,12.1
2024-07-29,0.0,22.5
2024-07-30,0.0,51.8
2024-07-31,1.85,53.3
2024-08-01,1.65,34.0
2024-08-02,0.0,68.6
2024-08-03,0.0,185.4
2024-08-04,10.12,268.2
2024-08-05,0.0,96.5
2024-08-06,1.17,113.3
2024-08-07,0.0,18.6
2024-08-08,1.88,74.2
2024-08-09,0.0,180.1
2024-08-10,10.19,243.0
2024-08-11,0.0,114.4
2024-08-12,0.6,98.7
2024-08-13,0.0,0.0
2024-08-14,0.0,32.4
2024-08-15,0.0,0.0
2024-08-16,0.0,0.0
2024-08-17,0.0,26.6
2024-08-18,0.0,55.1
2024-08-19,3.56,59.0
2024-08-20,0.0,48.1
2024-08-21,0.74,0.0
2024-08-22,0.0,25.5
2024-08-23,0.0,505.1
2024-08-24,0.0,1991.9
2024-08-25,90.0,3130.4
2024-08-26,61.77,2552.8
2024-08-27,25.0,1627.5
2024-08-28,0.0,630.3
2024-08-29,0.52,217.4
2024-08-30,0.09,37.1
2024-08-31,1.35,73.6
2024-09-01,0.0,13.3
2024-09-02,0.0,38.4
2024-09-03,0.0,20.2
2024-09-04,4.04,82.2
2024-09-05,0.0,11.2
2024-09-06,0.0,36.8
2024-09-07,0.58,60.4
2024-09-08,0.0,20.5
2024-09-09,1.83,63.1
2024-09-10,0.0,0.0
2024-09-11,0.0,17.5
2024-09-12,0.0,7.2
2024-09-13,0.0,0.0
2024-09-14,0.0,37.2
2024-09-15,0.0,13.7
2024-09-16,0.0,28.5
2024-09-17,2.15,50.8
2024-09-18,0.7,14.0
2024-09-19,0.0,25.8
2024-09-20,0.26,6.3
2024-09-21,0.0,14.1
2024-09-22,0.19,18.0
2024-09-23,0.0,0.0
2024-09-24,0.0,45.9
2024-09-25,0.93,15.5
2024-09-26,1.16,8.2
2024-09-27,0.0,0.0
2024-09-28,0.0,0.0
2024-09-29,0.0,5.8
2024-09-30,0.0,56.7
2024-10-01,0.0,174.0
2024-10-02,7.76,201.8
2024-10-03,0.0,73.9
2024-10-04,0.0,37.7
2024-10-05,0.0,45.7
2024-10-06,0.92,14.9
2024-10-07,0.0,59.5
2024-10-08,0.0,88.7
2024-10-09,3.91,74.3
2024-10-10,2.34,111.9
2024-10-11,0.11,13.6
2024-10-12,0.09,0.0
2024-10-13,0.0,48.3
2024-10-14,0.24,0.0
2024-10-15,0.0,0.0
2024-10-16,0.0,36.6
2024-10-17,0.01,44.8
2024-10-18,0.0,0.0
2024-10-19,0.0,18.5
2024-10-20,0.0,0.0
2024-10-21,0.0,13.8
2024-10-22,0.0,0.0
2024-10-23,0.0,18.6
2024-10-24,0.74,34.1
2024-10-25,0.13,0.0
2024-10-26,0.0,48.3
2024-10-27,1.91,84.8
2024-10-28,0.0,0.0
2024-10-29,0.0,0.0
2024-10-30,0.0,91.8
2024-10-31,3.19,19.7
2024-11-01,0.0,4.8
2024-11-02,0.0,49.9
2024-11-03,0.0,0.0
2024-11-04,0.0,17.5
2024-11-05,0.0,11.3
2024-11-06,0.0,47.3
2024-11-07,2.82,45.7
2024-11-08,0.0,73.3
2024-11-09,0.59,89.6
2024-11-10,2.44,104.5
2024-11-11,0.0,64.4
2024-11-12,0.7,30.7
2024-11-13,1.26,0.0
2024-11-14,0.0,1.1
2024-11-15,0.0,0.0
2024-11-16,0.23,0.0
2024-11-17,0.0,99.7
2024-11-18,3.34,101.6
2024-11-19,0.0,47.4
2024-11-20,1.27,66.8
2024-11-21,0.0,26.4
2024-11-22,0.0,38.8
2024-11-23,1.99,39.6
2024-11-24,0.0,33.4
2024-11-25,0.47,24.5
2024-11-26,0.0,2.4
2024-11-27,0.0,19.3
2024-11-28,0.0,0.0
2024-11-29,0.41,62.9
2024-11-30,1.84,10.4
2024-12-01,0.0,85.0
2024-12-02,0.02,240.3
2024-12-03,15.02,289.9
2024-12-04,0.0,158.0
2024-12-05,0.0,85.7
2024-12-06,0.0,27.6
2024-12-07,0.0,0.0
2024-12-08,0.0,38.6
2024-12-09,0.32,32.6
2024-12-10,0.0,51.7
2024-12-11,0.0,130.9
2024-12-12,4.29,17.5
2024-12-13,1.76,92.1
2024-12-14,0.0,134.1
2024-12-15,2.32,54.2
2024-12-16,0.0,16.5
2024-12-17,0.0,50.1
2024-12-18,0.0,90.1
2024-12-19,3.92,87.3
2024-12-20,0.94,49.4
2024-12-21,0.13,12.0
2024-12-22,0.0,0.0
2024-12-23,0.0,14.9
2024-12-24,0.0,27.7
2024-12-25,1.29,0.0
2024-12-26,0.0,0.0
2024-12-27,0.0,11.0
2024-12-28,0.0,1.7
2024-12-29,0.0,25.7
2024-12-30,0.0,46.3
2024-12-31,0.0,49.7
2025-01-01,2.43,49.3
2025-01-02,0.0,0.0
2025-01-03,0.0,14.6
2025-01-04,0.0,5.1
2025-01-05,1.23,69.1
2025-01-06,0.0,246.8
2025-01-07,11.5,220.2
2025-01-08,0.0,103.5
2025-01-09,0.0,165.3
2025-01-10,6.48,179.0
2025-01-11,1.66,108.2
2025-01-12,0.64,43.8
2025-01-13,0.0,14.9
2025-01-14,1.22,34.2
2025-01-15,0.39,0.0
2025-01-16,0.0,32.4
2025-01-17,0.0,91.0
2025-01-18,4.45,103.5
2025-01-19,0.0,17.8
2025-01-20,0.0,58.6
2025-01-21,0.0,76.6
2025-01-22,3.75,147.9
2025-01-23,2.94,168.7
2025-01-24,2.12,125.6
2025-01-25,0.87,161.1
2025-01-26,6.52,144.8
2025-01-27,0.0,105.1
2025-01-28,3.36,110.8
2025-01-29,0.0,2.6
2025-01-30,0.0,46.6
2025-01-31,0.0,93.5
2025-02-01,0.0,208.9
2025-02-02,13.21,336.0
2025-02-03,0.0,173.5
2025-02-04,0.0,243.7
2025-02-05,4.78,143.2
2025-02-06,3.02,124.4
2025-02-07,0.0,109.4
2025-02-08,0.0,132.6
2025-02-09,5.58,162.7
2025-02-10,4.62,169.2
2025-02-11,0.0,77.2
2025-02-12,0.0,18.9
2025-02-13,0.0,0.0
2025-02-14,0.0,50.3
2025-02-15,3.09,57.9
2025-02-16,0.0,44.5
2025-02-17,0.0,0.0
2025-02-18,0.0,8.3
2025-02-19,0.0,44.7
2025-02-20,0.0,0.0
2025-02-21,0.0,32.6
2025-02-22,0.0,81.5
2025-02-23,2.15,50.5
2025-02-24,0.0,59.4
2025-02-25,0.0,7.6
2025-02-26,0.91,6.4
2025-02-27,0.0,0.0
2025-02-28,0.0,0.0
2025-03-01,0.0,0.0
2025-03-02,0.0,0.0
2025-03-03,0.0,22.0
2025-03-04,0.0,7.6
2025-03-05,0.0,79.1
2025-03-06,0.0,42.3
2025-03-07,2.14,89.2
2025-03-08,0.0,17.3
2025-03-09,0.0,45.3
2025-03-10,0.8,0.0
2025-03-11,0.0,21.2
2025-03-12,0.0,36.3
2025-03-13,0.0,0.0
2025-03-14,0.0,8.1
2025-03-15,0.0,67.5
2025-03-16,0.75,58.8
2025-03-17,4.01,72.1
2025-03-18,0.7,52.4
2025-03-19,0.0,100.7
2025-03-20,3.32,65.2
2025-03-21,0.05,46.6
2025-03-22,0.0,4.5
2025-03-23,0.0,22.0
2025-03-24,0.0,30.6
2025-03-25,0.0,8.2
2025-03-26,0.0,40.5
2025-03-27,3.84,67.8
2025-03-28,0.0,65.3
2025-03-29,0.0,0.0
2025-03-30,0.0,13.8
2025-03-31,0.0,0.0
2025-04-01,0.24,0.0
2025-04-02,0.0,25.9
2025-04-03,0.0,0.0
2025-04-04,0.0,0.0
2025-04-05,0.0,39.8
2025-04-06,0.0,7.9
2025-04-07,1.58,14.1
2025-04-08,0.0,0.0
2025-04-09,0.0,37.7
2025-04-10,0.0,2.1
2025-04-11,1.08,15.2
2025-04-12,0.0,2.4
2025-04-13,0.48,17.7
2025-04-14,0.0,53.3
2025-04-15,0.0,19.6
2025-04-16,0.0,57.1
2025-04-17,0.5,76.1
2025-04-18,5.3,119.6
2025-04-19,0.0,11.4
2025-04-20,0.0,38.6
2025-04-21,0.0,4.4
2025-04-22,0.68,48.3
2025-04-23,1.77,125.0
2025-04-24,1.07,158.6
2025-04-25,6.2,153.6
2025-04-26,0.0,90.7
2025-04-27,0.0,65.5
2025-04-28,1.32,22.6
2025-04-29,0.0,22.6
2025-04-30,0.0,46.4
2025-05-01,1.59,77.1
2025-05-02,0.0,53.9
2025-05-03,2.79,60.6
2025-05-04,0.0,36.6
2025-05-05,0.0,50.0
2025-05-06,0.0,86.3
2025-05-07,2.48,64.1
2025-05-08,0.0,7.5
2025-05-09,0.0,0.0
2025-05-10,0.0,26.6
2025-05-11,0.73,55.0
2025-05-12,0.0,62.3
2025-05-13,0.7,60.6
2025-05-14,4.18,43.4
2025-05-15,0.0,85.1
2025-05-16,0.0,148.9
2025-05-17,6.14,91.7
2025-05-18,0.0,57.7
2025-05-19,0.64,124.0
2025-05-20,4.59,80.5
2025-05-21,0.0,78.5
2025-05-22,0.0,137.0
2025-05-23,4.72,102.3
2025-05-24,0.0,29.5
2025-05-25,0.0,12.4
2025-05-26,0.0,18.4
2025-05-27,0.25,88.2
2025-05-28,3.38,91.1
2025-05-29,0.0,54.6
2025-05-30,0.0,53.5
2025-05-31,0.0,37.8
2025-06-01,2.03,13.2
2025-06-02,0.0,18.7
2025-06-03,0.0,1.1
2025-06-04,0.61,45.5
2025-06-05,0.0,111.0
2025-06-06,6.86,181.4
2025-06-07,0.0,63.1
2025-06-08,0.15,73.0
2025-06-09,0.06,53.5
2025-06-10,1.44,97.8
2025-06-11,0.0,216.0
2025-06-12,11.11,267.6
2025-06-13,0.33,130.6
2025-06-14,0.0,71.8
2025-06-15,0.0,0.0
2025-06-16,0.0,0.0
2025-06-17,0.0,16.8
2025-06-18,0.0,0.0
2025-06-19,0.0,71.7
2025-06-20,2.3,144.9
2025-06-21,3.21,154.7
2025-06-22,3.01,91.2
2025-06-23,0.0,80.1
2025-06-24,2.48,72.5
2025-06-25,0.0,31.8
2025-06-26,0.0,57.4
2025-06-27,0.0,117.4
2025-06-28,4.38,86.8
2025-06-29,0.35,50.0
2025-06-30,0.0,50.1
2025-07-01,1.22,0.3
2025-07-02,0.0,0.2
2025-07-03,0.0,11.8
2025-07-04,0.0,0.0
2025-07-05,0.0,0.0
2025-07-06,0.0,13.5
2025-07-07,0.0,0.6
2025-07-08,0.0,20.2
2025-07-09,0.0,22.4
2025-07-10,0.0,0.0
2025-07-11,0.41,0.0
2025-07-12,0.0,7.9
2025-07-13,0.0,0.0
2025-07-14,0.0,21.8
2025-07-15,0.0,15.1
2025-07-16,0.0,15.4
2025-07-17,0.59,19.6
2025-07-18,0.23,42.7
2025-07-19,0.0,14.3
2025-07-20,0.0,28.7
2025-07-21,0.0,76.4
2025-07-22,0.33,103.4
2025-07-23,5.74,134.0
2025-07-24,0.0,49.2
2025-07-25,0.0,22.8
2025-07-26,0.0,25.7
2025-07-27,0.0,3.0
2025-07-28,0.71,0.0
2025-07-29,0.0,27.7
2025-07-30,1.07,74.3
2025-07-31,1.85,32.8
2025-08-01,0.56,87.8
2025-08-02,0.0,179.4
2025-08-03,7.98,213.6
2025-08-04,0.0,168.2
2025-08-05,5.07,159.3
2025-08-06,0.0,81.6
2025-08-07,0.0,85.7
2025-08-08,1.28,119.9
2025-08-09,4.24,178.0
2025-08-10,0.0,33.3
2025-08-11,0.0,33.6
2025-08-12,0.0,59.3
2025-08-13,1.01,98.4
2025-08-14,3.88,89.6
2025-08-15,0.0,52.7
2025-08-16,0.0,113.1
2025-08-17,5.34,156.6
2025-08-18,1.47,35.1
2025-08-19,0.34,104.2
2025-08-20,0.72,20.9
2025-08-21,0.0,21.7
2025-08-22,0.27,0.0
2025-08-23,0.0,0.0
2025-08-24,0.0,5.1
2025-08-25,0.0,49.3
2025-08-26,0.0,0.0
2025-08-27,0.0,0.0
2025-08-28,0.0,89.9
2025-08-29,0.95,190.2
2025-08-30,11.05,235.8
2025-08-31,0.44,171.9
2025-09-01,2.96,126.5
2025-09-02,0.93,45.3
2025-09-03,0.0,58.6
2025-09-04,2.55,57.4
2025-09-05,1.25,49.1
2025-09-06,0.0,30.4
2025-09-07,0.09,88.2
2025-09-08,3.28,68.2
2025-09-09,0.0,79.5
2025-09-10,0.0,96.7
2025-09-11,3.29,58.3
2025-09-12,0.0,60.0
2025-09-13,0.0,0.0
2025-09-14,0.0,2.8
2025-09-15,0.25,27.4
2025-09-16,1.34,20.9
2025-09-17,0.0,13.1
2025-09-18,0.0,28.3
2025-09-19,0.89,20.1
2025-09-20,0.0,51.3
2025-09-21,1.21,77.4
2025-09-22,0.27,106.0
2025-09-23,4.31,91.2
2025-09-24,0.34,76.1
2025-09-25,0.0,26.9
2025-09-26,2.14,55.2
2025-09-27,0.0,102.3
2025-09-28,0.67,36.1
2025-09-29,2.47,59.8
2025-09-30,0.0,15.4
2025-10-01,0.0,25.9
2025-10-02,0.0,0.0
2025-10-03,0.0,26.1
2025-10-04,0.0,5.4
2025-10-05,0.02,11.2
2025-10-06,0.0,0.0
2025-10-07,0.85,104.9
2025-10-08,0.0,234.2
2025-10-09,13.31,275.7
2025-10-10,0.0,145.9
2025-10-11,0.0,123.3
2025-10-12,0.54,35.9
2025-10-13,0.31,0.0
2025-10-14,0.0,13.8
2025-10-15,1.06,15.7
2025-10-16,0.0,76.4
2025-10-17,0.07,88.9
2025-10-18,3.78,179.1
2025-10-19,6.15,242.0
2025-10-20,1.13,169.1
2025-10-21,2.24,110.3
2025-10-22,0.98,95.5
2025-10-23,0.0,113.0
2025-10-24,6.34,207.7
2025-10-25,0.0,50.7
2025-10-26,0.0,93.6
2025-10-27,1.38,69.4
2025-10-28,0.63,60.9
2025-10-29,0.53,78.2
2025-10-30,3.22,98.2
2025-10-31,0.0,85.6
2025-11-01,0.0,27.2
2025-11-02,0.0,0.0
2025-11-03,0.0,74.2
2025-11-04,4.26,93.0
2025-11-05,0.62,68.7
2025-11-06,0.0,3.4
2025-11-07,0.0,37.6
2025-11-08,0.0,0.0
2025-11-09,0.0,0.0
2025-11-10,0.0,10.3
2025-11-11,0.0,0.0
2025-11-12,0.0,10.6
2025-11-13,1.75,26.1
2025-11-14,0.0,91.5
2025-11-15,0.59,23.3
2025-11-16,0.0,17.2
2025-11-17,0.0,33.7
2025-11-18,0.18,0.0
2025-11-19,0.0,3.1
2025-11-20,0.0,0.0
2025-11-21,0.0,0.0
2025-11-22,0.0,16.9
2025-11-23,1.76,15.4
2025-11-24,1.12,43.2
2025-11-25,0.0,17.4
2025-11-26,0.98,20.6
2025-11-27,0.0,0.0
2025-11-28,0.0,0.0
2025-11-29,0.0,4.0
2025-11-30,0.0,41.6
2025-12-01,1.99,51.4
2025-12-02,0.0,93.2
2025-12-03,2.37,94.3
2025-12-04,0.0,83.8
2025-12-05,2.77,25.0
2025-12-06,0.0,55.5
2025-12-07,0.0,0.0
2025-12-08,0.0,18.7
2025-12-09,0.0,10.0
2025-12-10,0.0,0.0
2025-12-11,0.0,16.0
2025-12-12,0.0,35.9
2025-12-13,3.02,58.4
2025-12-14,0.0,66.5
2025-12-15,0.75,112.6
2025-12-16,5.4,108.5
2025-12-17,0.0,36.4
2025-12-18,0.0,27.1
2025-12-19,0.92,74.4
2025-12-20,0.0,279.0
2025-12-21,13.91,307.3
2025-12-22,0.0,176.2
2025-12-23,0.0,143.7
2025-12-24,0.04,21.0
2025-12-25,1.34,24.9
2025-12-26,0.0,0.0
2025-12-27,0.0,19.2
2025-12-28,2.21,50.9
2025-12-29,0.0,0.0
2025-12-30,0.0,7.8
2025-12-31,0.33,23.2
